date,regime_active,n_positions,cash,cash_pct,total_fees,total_slippage
2020-01-01,False,0,10000.0,1.0,0.0,0.0
2020-01-02,False,0,10000.0,1.0,0.0,0.0
2020-01-03,False,0,10000.0,1.0,0.0,0.0
2020-01-04,False,0,10000.0,1.0,0.0,0.0
2020-01-05,False,0,10000.0,1.0,0.0,0.0
2020-01-06,False,0,10000.0,1.0,0.0,0.0
2020-01-07,False,0,10000.0,1.0,0.0,0.0
2020-01-08,False,0,10000.0,1.0,0.0,0.0
2020-01-09,False,0,10000.0,1.0,0.0,0.0
2020-01-10,False,0,10000.0,1.0,0.0,0.0
2020-01-11,False,0,10000.0,1.0,0.0,0.0
2020-01-12,False,0,10000.0,1.0,0.0,0.0
2020-01-13,False,0,10000.0,1.0,0.0,0.0
2020-01-14,False,0,10000.0,1.0,0.0,0.0
2020-01-15,False,0,10000.0,1.0,0.0,0.0
2020-01-16,False,0,10000.0,1.0,0.0,0.0
2020-01-17,False,0,10000.0,1.0,0.0,0.0
2020-01-18,False,0,10000.0,1.0,0.0,0.0
2020-01-19,False,0,10000.0,1.0,0.0,0.0
2020-01-20,False,0,10000.0,1.0,0.0,0.0
2020-01-21,False,0,10000.0,1.0,0.0,0.0
2020-01-22,False,0,10000.0,1.0,0.0,0.0
2020-01-23,False,0,10000.0,1.0,0.0,0.0
2020-01-24,False,0,10000.0,1.0,0.0,0.0
2020-01-25,False,0,10000.0,1.0,0.0,0.0
2020-01-26,False,0,10000.0,1.0,0.0,0.0
2020-01-27,False,0,10000.0,1.0,0.0,0.0
2020-01-28,False,0,10000.0,1.0,0.0,0.0
2020-01-29,False,0,10000.0,1.0,0.0,0.0
2020-01-30,False,0,10000.0,1.0,0.0,0.0
2020-01-31,False,0,10000.0,1.0,0.0,0.0
2020-02-01,False,0,10000.0,1.0,0.0,0.0
2020-02-02,False,0,10000.0,1.0,0.0,0.0
2020-02-03,False,0,10000.0,1.0,0.0,0.0
2020-02-04,False,0,10000.0,1.0,0.0,0.0
2020-02-05,False,0,10000.0,1.0,0.0,0.0
2020-02-06,False,0,10000.0,1.0,0.0,0.0
2020-02-07,False,0,10000.0,1.0,0.0,0.0
2020-02-08,False,0,10000.0,1.0,0.0,0.0
2020-02-09,False,0,10000.0,1.0,0.0,0.0
2020-02-10,False,0,10000.0,1.0,0.0,0.0
2020-02-11,False,0,10000.0,1.0,0.0,0.0
2020-02-12,False,0,10000.0,1.0,0.0,0.0
2020-02-13,False,0,10000.0,1.0,0.0,0.0
2020-02-14,False,0,10000.0,1.0,0.0,0.0
2020-02-15,False,0,10000.0,1.0,0.0,0.0
2020-02-16,False,0,10000.0,1.0,0.0,0.0
2020-02-17,False,0,10000.0,1.0,0.0,0.0
2020-02-18,False,0,10000.0,1.0,0.0,0.0
2020-02-19,False,0,10000.0,1.0,0.0,0.0
2020-02-20,False,0,10000.0,1.0,0.0,0.0
2020-02-21,False,0,10000.0,1.0,0.0,0.0
2020-02-22,False,0,10000.0,1.0,0.0,0.0
2020-02-23,False,0,10000.0,1.0,0.0,0.0
2020-02-24,False,0,10000.0,1.0,0.0,0.0
2020-02-25,False,0,10000.0,1.0,0.0,0.0
2020-02-26,False,0,10000.0,1.0,0.0,0.0
2020-02-27,False,0,10000.0,1.0,0.0,0.0
2020-02-28,False,0,10000.0,1.0,0.0,0.0
2020-02-29,False,0,10000.0,1.0,0.0,0.0
2020-03-01,False,0,10000.0,1.0,0.0,0.0
2020-03-02,False,0,10000.0,1.0,0.0,0.0
2020-03-03,False,0,10000.0,1.0,0.0,0.0
2020-03-04,False,0,10000.0,1.0,0.0,0.0
2020-03-05,False,0,10000.0,1.0,0.0,0.0
2020-03-06,False,0,10000.0,1.0,0.0,0.0
2020-03-07,False,0,10000.0,1.0,0.0,0.0
2020-03-08,False,0,10000.0,1.0,0.0,0.0
2020-03-09,False,0,10000.0,1.0,0.0,0.0
2020-03-10,False,0,10000.0,1.0,0.0,0.0
2020-03-11,False,0,10000.0,1.0,0.0,0.0
2020-03-12,False,0,10000.0,1.0,0.0,0.0
2020-03-13,False,0,10000.0,1.0,0.0,0.0
2020-03-14,False,0,10000.0,1.0,0.0,0.0
2020-03-15,False,0,10000.0,1.0,0.0,0.0
2020-03-16,False,0,10000.0,1.0,0.0,0.0
2020-03-17,False,0,10000.0,1.0,0.0,0.0
2020-03-18,False,0,10000.0,1.0,0.0,0.0
2020-03-19,False,0,10000.0,1.0,0.0,0.0
2020-03-20,False,0,10000.0,1.0,0.0,0.0
2020-03-21,False,0,10000.0,1.0,0.0,0.0
2020-03-22,False,0,10000.0,1.0,0.0,0.0
2020-03-23,False,0,10000.0,1.0,0.0,0.0
2020-03-24,False,0,10000.0,1.0,0.0,0.0
2020-03-25,False,0,10000.0,1.0,0.0,0.0
2020-03-26,False,0,10000.0,1.0,0.0,0.0
2020-03-27,False,0,10000.0,1.0,0.0,0.0
2020-03-28,False,0,10000.0,1.0,0.0,0.0
2020-03-29,False,0,10000.0,1.0,0.0,0.0
2020-03-30,False,0,10000.0,1.0,0.0,0.0
2020-03-31,False,0,10000.0,1.0,0.0,0.0
2020-04-01,False,0,10000.0,1.0,0.0,0.0
2020-04-02,False,0,10000.0,1.0,0.0,0.0
2020-04-03,False,0,10000.0,1.0,0.0,0.0
2020-04-04,False,0,10000.0,1.0,0.0,0.0
2020-04-05,False,0,10000.0,1.0,0.0,0.0
2020-04-06,False,0,10000.0,1.0,0.0,0.0
2020-04-07,False,0,10000.0,1.0,0.0,0.0
2020-04-08,False,0,10000.0,1.0,0.0,0.0
2020-04-09,False,0,10000.0,1.0,0.0,0.0
2020-04-10,False,0,10000.0,1.0,0.0,0.0
2020-04-11,False,0,10000.0,1.0,0.0,0.0
2020-04-12,False,0,10000.0,1.0,0.0,0.0
2020-04-13,False,0,10000.0,1.0,0.0,0.0
2020-04-14,False,0,10000.0,1.0,0.0,0.0
2020-04-15,False,0,10000.0,1.0,0.0,0.0
2020-04-16,False,0,10000.0,1.0,0.0,0.0
2020-04-17,False,0,10000.0,1.0,0.0,0.0
2020-04-18,False,0,10000.0,1.0,0.0,0.0
2020-04-19,False,0,10000.0,1.0,0.0,0.0
2020-04-20,False,0,10000.0,1.0,0.0,0.0
2020-04-21,False,0,10000.0,1.0,0.0,0.0
2020-04-22,False,0,10000.0,1.0,0.0,0.0
2020-04-23,False,0,10000.0,1.0,0.0,0.0
2020-04-24,False,0,10000.0,1.0,0.0,0.0
2020-04-25,False,0,10000.0,1.0,0.0,0.0
2020-04-26,False,0,10000.0,1.0,0.0,0.0
2020-04-27,False,0,10000.0,1.0,0.0,0.0
2020-04-28,False,0,10000.0,1.0,0.0,0.0
2020-04-29,False,0,10000.0,1.0,0.0,0.0
2020-04-30,False,0,10000.0,1.0,0.0,0.0
2020-05-01,False,0,10000.0,1.0,0.0,0.0
2020-05-02,False,0,10000.0,1.0,0.0,0.0
2020-05-03,False,0,10000.0,1.0,0.0,0.0
2020-05-04,False,0,10000.0,1.0,0.0,0.0
2020-05-05,False,0,10000.0,1.0,0.0,0.0
2020-05-06,False,0,10000.0,1.0,0.0,0.0
2020-05-07,False,0,10000.0,1.0,0.0,0.0
2020-05-08,False,0,10000.0,1.0,0.0,0.0
2020-05-09,False,0,10000.0,1.0,0.0,0.0
2020-05-10,False,0,10000.0,1.0,0.0,0.0
2020-05-11,False,0,10000.0,1.0,0.0,0.0
2020-05-12,False,0,10000.0,1.0,0.0,0.0
2020-05-13,False,0,10000.0,1.0,0.0,0.0
2020-05-14,False,0,10000.0,1.0,0.0,0.0
2020-05-15,False,0,10000.0,1.0,0.0,0.0
2020-05-16,False,0,10000.0,1.0,0.0,0.0
2020-05-17,False,0,10000.0,1.0,0.0,0.0
2020-05-18,False,0,10000.0,1.0,0.0,0.0
2020-05-19,False,0,10000.0,1.0,0.0,0.0
2020-05-20,False,0,10000.0,1.0,0.0,0.0
2020-05-21,False,0,10000.0,1.0,0.0,0.0
2020-05-22,False,0,10000.0,1.0,0.0,0.0
2020-05-23,False,0,10000.0,1.0,0.0,0.0
2020-05-24,False,0,10000.0,1.0,0.0,0.0
2020-05-25,False,0,10000.0,1.0,0.0,0.0
2020-05-26,False,0,10000.0,1.0,0.0,0.0
2020-05-27,False,0,10000.0,1.0,0.0,0.0
2020-05-28,False,0,10000.0,1.0,0.0,0.0
2020-05-29,False,0,10000.0,1.0,0.0,0.0
2020-05-30,False,0,10000.0,1.0,0.0,0.0
2020-05-31,False,0,10000.0,1.0,0.0,0.0
2020-06-01,False,0,10000.0,1.0,0.0,0.0
2020-06-02,False,0,10000.0,1.0,0.0,0.0
2020-06-03,False,0,10000.0,1.0,0.0,0.0
2020-06-04,False,0,10000.0,1.0,0.0,0.0
2020-06-05,False,0,10000.0,1.0,0.0,0.0
2020-06-06,False,0,10000.0,1.0,0.0,0.0
2020-06-07,False,0,10000.0,1.0,0.0,0.0
2020-06-08,False,0,10000.0,1.0,0.0,0.0
2020-06-09,False,0,10000.0,1.0,0.0,0.0
2020-06-10,False,0,10000.0,1.0,0.0,0.0
2020-06-11,False,0,10000.0,1.0,0.0,0.0
2020-06-12,False,0,10000.0,1.0,0.0,0.0
2020-06-13,False,0,10000.0,1.0,0.0,0.0
2020-06-14,False,0,10000.0,1.0,0.0,0.0
2020-06-15,False,0,10000.0,1.0,0.0,0.0
2020-06-16,False,0,10000.0,1.0,0.0,0.0
2020-06-17,False,0,10000.0,1.0,0.0,0.0
2020-06-18,False,0,10000.0,1.0,0.0,0.0
2020-06-19,False,0,10000.0,1.0,0.0,0.0
2020-06-20,False,0,10000.0,1.0,0.0,0.0
2020-06-21,False,0,10000.0,1.0,0.0,0.0
2020-06-22,False,0,10000.0,1.0,0.0,0.0
2020-06-23,False,0,10000.0,1.0,0.0,0.0
2020-06-24,False,0,10000.0,1.0,0.0,0.0
2020-06-25,False,0,10000.0,1.0,0.0,0.0
2020-06-26,False,0,10000.0,1.0,0.0,0.0
2020-06-27,False,0,10000.0,1.0,0.0,0.0
2020-06-28,False,0,10000.0,1.0,0.0,0.0
2020-06-29,False,0,10000.0,1.0,0.0,0.0
2020-06-30,False,0,10000.0,1.0,0.0,0.0
2020-07-01,False,0,10000.0,1.0,0.0,0.0
2020-07-02,False,0,10000.0,1.0,0.0,0.0
2020-07-03,False,0,10000.0,1.0,0.0,0.0
2020-07-04,False,0,10000.0,1.0,0.0,0.0
2020-07-05,False,0,10000.0,1.0,0.0,0.0
2020-07-06,False,0,10000.0,1.0,0.0,0.0
2020-07-07,False,0,10000.0,1.0,0.0,0.0
2020-07-08,False,0,10000.0,1.0,0.0,0.0
2020-07-09,False,0,10000.0,1.0,0.0,0.0
2020-07-10,False,0,10000.0,1.0,0.0,0.0
2020-07-11,False,0,10000.0,1.0,0.0,0.0
2020-07-12,False,0,10000.0,1.0,0.0,0.0
2020-07-13,False,0,10000.0,1.0,0.0,0.0
2020-07-14,False,0,10000.0,1.0,0.0,0.0
2020-07-15,False,0,10000.0,1.0,0.0,0.0
2020-07-16,False,0,10000.0,1.0,0.0,0.0
2020-07-17,False,0,10000.0,1.0,0.0,0.0
2020-07-18,True,0,10000.0,1.0,0.0,0.0
2020-07-19,True,0,10000.0,1.0,0.0,0.0
2020-07-20,True,0,10000.0,1.0,0.0,0.0
2020-07-21,True,0,10000.0,1.0,0.0,0.0
2020-07-22,True,9,3456.6070646251565,0.3461127527182002,0.0,0.0
2020-07-23,True,9,3456.6070646251565,0.3471379534816189,0.0,0.0
2020-07-24,True,9,3456.6070646251565,0.3523381942772152,0.0,0.0
2020-07-25,True,9,3456.6070646251565,0.3395472000005294,0.0,0.0
2020-07-26,True,9,3456.6070646251565,0.3417144049935737,0.0,0.0
2020-07-27,True,9,3456.6070646251565,0.3549586306821428,0.0,0.0
2020-07-28,True,9,3456.6070646251565,0.34526435324816274,0.0,0.0
2020-07-29,True,9,3408.6966430074494,0.3461127527182002,6.417622835625083,6.417622835625083
2020-07-30,True,9,3408.6966430074494,0.33880127342540034,6.417622835625083,6.417622835625083
2020-07-31,True,9,3408.6966430074494,0.33796972966587974,6.417622835625083,6.417622835625083
2020-08-01,True,9,3408.6966430074494,0.3249605438490619,6.417622835625083,6.417622835625083
2020-08-02,True,9,3408.6966430074494,0.34155385792250736,6.417622835625083,6.417622835625083
2020-08-03,True,9,3408.6966430074494,0.33595875809337894,6.417622835625083,6.417622835625083
2020-08-04,True,9,3408.6966430074494,0.3233637245456222,6.417622835625083,6.417622835625083
2020-08-05,True,9,3626.135190868738,0.34611275271820013,13.513564699505222,13.513564699505222
2020-08-06,True,9,3626.135190868738,0.3414769657710735,13.513564699505222,13.513564699505222
2020-08-07,True,9,3626.135190868738,0.34661102875190847,13.513564699505222,13.513564699505222
2020-08-08,True,9,3626.135190868738,0.3321046872826699,13.513564699505222,13.513564699505222
2020-08-09,True,9,3626.135190868738,0.3340765085797821,13.513564699505222,13.513564699505222
2020-08-10,True,9,3626.135190868738,0.32185835301000093,13.513564699505222,13.513564699505222
2020-08-11,True,9,3626.135190868738,0.33352845118313856,13.513564699505222,13.513564699505222
2020-08-12,True,9,3910.8370470452,0.3461127527182003,21.216928274388557,21.216928274388557
2020-08-13,True,9,3910.8370470452,0.33312748696983685,21.216928274388557,21.216928274388557
2020-08-14,True,9,3910.8370470452,0.3278816180272258,21.216928274388557,21.216928274388557
2020-08-15,True,9,3910.8370470452,0.3288155688224189,21.216928274388557,21.216928274388557
2020-08-16,True,9,3910.8370470452,0.32252875564415534,21.216928274388557,21.216928274388557
2020-08-17,True,9,3910.8370470452,0.3225722717607526,21.216928274388557,21.216928274388557
2020-08-18,True,9,3910.8370470452,0.32894839627848377,21.216928274388557,21.216928274388557
2020-08-19,True,9,3993.965390916158,0.34611275271820013,28.87599255336774,28.87599255336774
2020-08-20,True,9,3993.965390916158,0.33283772909000164,28.87599255336774,28.87599255336774
2020-08-21,True,9,3993.965390916158,0.35316759931213026,28.87599255336774,28.87599255336774
2020-08-22,True,9,3993.965390916158,0.3444023409407062,28.87599255336774,28.87599255336774
2020-08-23,True,9,3993.965390916158,0.3419842534122376,28.87599255336774,28.87599255336774
2020-08-24,True,9,3993.965390916158,0.33074609384918324,28.87599255336774,28.87599255336774
2020-08-25,True,9,3993.965390916158,0.34910394142932305,28.87599255336774,28.87599255336774
2020-08-26,True,9,3969.2861528227786,0.34611275271820013,36.38022152672931,36.38022152672931
2020-08-27,True,9,3969.2861528227786,0.359103215112585,36.38022152672931,36.38022152672931
2020-08-28,True,9,3969.2861528227786,0.35210006453490755,36.38022152672931,36.38022152672931
2020-08-29,True,9,3969.2861528227786,0.3458973171158907,36.38022152672931,36.38022152672931
2020-08-30,True,9,3969.2861528227786,0.3432369006185893,36.38022152672931,36.38022152672931
2020-08-31,True,9,3969.2861528227786,0.34438900098400704,36.38022152672931,36.38022152672931
2020-09-01,True,9,3969.2861528227786,0.3363442764091935,36.38022152672931,36.38022152672931
2020-09-02,True,9,3932.238392663084,0.34611275271820013,43.80178485345304,43.80178485345304
2020-09-03,True,9,3932.238392663084,0.3749151315339176,43.80178485345304,43.80178485345304
2020-09-04,True,9,3932.238392663084,0.3707672819730511,43.80178485345304,43.80178485345304
2020-09-05,True,9,3932.238392663084,0.3950566791156693,43.80178485345304,43.80178485345304
2020-09-06,True,9,3932.238392663084,0.38427721977430385,43.80178485345304,43.80178485345304
2020-09-07,True,9,3932.238392663084,0.38331833129599086,43.80178485345304,43.80178485345304
2020-09-08,True,9,3932.238392663084,0.38547204321608686,43.80178485345304,43.80178485345304
2020-09-09,True,9,3666.8780691157344,0.34611275271820013,50.49124156566839,50.49124156566839
2020-09-10,True,9,3666.8780691157344,0.34316488516202887,50.49124156566839,50.49124156566839
2020-09-11,True,9,3666.8780691157344,0.34045295844564194,50.49124156566839,50.49124156566839
2020-09-12,True,9,3666.8780691157344,0.3376790590363107,50.49124156566839,50.49124156566839
2020-09-13,True,9,3666.8780691157344,0.34754803646467985,50.49124156566839,50.49124156566839
2020-09-14,True,9,3666.8780691157344,0.3473275562880638,50.49124156566839,50.49124156566839
2020-09-15,True,9,3666.8780691157344,0.3537822358432529,50.49124156566839,50.49124156566839
2020-09-16,True,9,3550.55521698025,0.34611275271820025,57.10939277572316,57.10939277572316
2020-09-17,True,9,3550.55521698025,0.339466392631943,57.10939277572316,57.10939277572316
2020-09-18,True,9,3550.55521698025,0.3376958270322176,57.10939277572316,57.10939277572316
2020-09-19,True,9,3550.55521698025,0.33787060760088294,57.10939277572316,57.10939277572316
2020-09-20,True,9,3550.55521698025,0.3421505123187186,57.10939277572316,57.10939277572316
2020-09-21,True,9,3550.55521698025,0.36007009983314026,57.10939277572316,57.10939277572316
2020-09-22,True,9,3550.55521698025,0.3561561973591603,57.10939277572316,57.10939277572316
2020-09-23,True,10,3342.354817826597,0.3483577918523402,63.17808273141749,63.17808273141749
2020-09-24,True,10,3342.354817826597,0.3306492263680372,63.17808273141749,63.17808273141749
2020-09-25,True,10,3342.354817826597,0.3215177934170669,63.17808273141749,63.17808273141749
2020-09-26,True,10,3342.354817826597,0.32097763902132675,63.17808273141749,63.17808273141749
2020-09-27,True,10,3342.354817826597,0.318858487973894,63.17808273141749,63.17808273141749
2020-09-28,True,10,3342.354817826597,0.31999028368096827,63.17808273141749,63.17808273141749
2020-09-29,True,10,3342.354817826597,0.3139078029450338,63.17808273141749,63.17808273141749
2020-09-30,True,10,3682.6212279313686,0.3483577918523402,70.4353961296944,70.4353961296944
2020-10-01,True,10,3682.6212279313686,0.35441550104480724,70.4353961296944,70.4353961296944
2020-10-02,True,10,3682.6212279313686,0.3626050577175956,70.4353961296944,70.4353961296944
2020-10-03,True,10,3682.6212279313686,0.3582619109706868,70.4353961296944,70.4353961296944
2020-10-04,True,10,3682.6212279313686,0.3558431694339165,70.4353961296944,70.4353961296944
2020-10-05,True,10,3682.6212279313686,0.35718594946761906,70.4353961296944,70.4353961296944
2020-10-06,True,10,3682.6212279313686,0.3710871059735532,70.4353961296944,70.4353961296944
2020-10-07,True,10,3508.923114515829,0.3483577918523402,76.85149097723678,76.85149097723678
2020-10-08,True,10,3508.923114515829,0.3462132110263728,76.85149097723678,76.85149097723678
2020-10-09,True,10,3508.923114515829,0.3391709976592221,76.85149097723678,76.85149097723678
2020-10-10,True,10,3508.923114515829,0.33483325170808187,76.85149097723678,76.85149097723678
2020-10-11,True,10,3508.923114515829,0.33428374740173405,76.85149097723678,76.85149097723678
2020-10-12,True,10,3508.923114515829,0.33272952290314106,76.85149097723678,76.85149097723678
2020-10-13,True,10,3508.923114515829,0.33312537427605293,76.85149097723678,76.85149097723678
2020-10-14,True,10,3615.9227570305193,0.3483577918523403,83.74980312249625,83.74980312249625
2020-10-15,True,10,3615.9227570305193,0.3532759067534082,83.74980312249625,83.74980312249625
2020-10-16,True,10,3615.9227570305193,0.3585598602432703,83.74980312249625,83.74980312249625
2020-10-17,True,10,3615.9227570305193,0.35683088934119167,83.74980312249625,83.74980312249625
2020-10-18,True,10,3615.9227570305193,0.3527710871101653,83.74980312249625,83.74980312249625
2020-10-19,True,10,3615.9227570305193,0.35414869759622936,83.74980312249625,83.74980312249625
2020-10-20,True,10,3615.9227570305193,0.36360172987428324,83.74980312249625,83.74980312249625
2020-10-21,True,10,3543.593799653256,0.34835779185234017,90.33258560607193,90.33258560607193
2020-10-22,True,10,3543.593799653256,0.3407558290388558,90.33258560607193,90.33258560607193
2020-10-23,True,10,3543.593799653256,0.3432189666186396,90.33258560607193,90.33258560607193
2020-10-24,True,10,3543.593799653256,0.33810639973760365,90.33258560607193,90.33258560607193
2020-10-25,True,10,3543.593799653256,0.34213914427468195,90.33258560607193,90.33258560607193
2020-10-26,True,10,3543.593799653256,0.3473934923884129,90.33258560607193,90.33258560607193
2020-10-27,True,10,3543.593799653256,0.34730479940943204,90.33258560607193,90.33258560607193
2020-10-28,True,10,3449.4894401254132,0.34835779185234017,96.71681077878875,96.71681077878875
2020-10-29,True,10,3449.4894401254132,0.35646526729522604,96.71681077878875,96.71681077878875
2020-10-30,True,10,3449.4894401254132,0.3583491151115547,96.71681077878875,96.71681077878875
2020-10-31,True,10,3449.4894401254132,0.3577671373763874,96.71681077878875,96.71681077878875
2020-11-01,True,10,3449.4894401254132,0.35353385325147596,96.71681077878875,96.71681077878875
2020-11-02,True,10,3449.4894401254132,0.3622153458924104,96.71681077878875,96.71681077878875
2020-11-03,True,10,3449.4894401254132,0.3665892923362092,96.71681077878875,96.71681077878875
2020-11-04,True,10,3280.422874386318,0.3483577918523402,102.70839803490065,102.70839803490065
2020-11-05,True,10,3280.422874386318,0.33859263577005205,102.70839803490065,102.70839803490065
2020-11-06,True,10,3280.422874386318,0.3208807979717961,102.70839803490065,102.70839803490065
2020-11-07,True,10,3280.422874386318,0.3344487805988014,102.70839803490065,102.70839803490065
2020-11-08,True,10,3280.422874386318,0.3261958651816058,102.70839803490065,102.70839803490065
2020-11-09,True,10,3280.422874386318,0.32867165815903676,102.70839803490065,102.70839803490065
2020-11-10,True,10,3280.422874386318,0.32328149105368237,102.70839803490065,102.70839803490065
2020-11-11,True,10,3519.1886473521186,0.3483577918523403,109.55706314221138,109.55706314221138
2020-11-12,True,10,3519.1886473521186,0.3532157993880643,109.55706314221138,109.55706314221138
2020-11-13,True,10,3519.1886473521186,0.34444696737559655,109.55706314221138,109.55706314221138
2020-11-14,True,10,3519.1886473521186,0.3496024125506096,109.55706314221138,109.55706314221138
2020-11-15,True,10,3519.1886473521186,0.3530891017102565,109.55706314221138,109.55706314221138
2020-11-16,True,10,3519.1886473521186,0.34660372449291926,109.55706314221138,109.55706314221138
2020-11-17,True,10,3519.1886473521186,0.33632625965544816,109.55706314221138,109.55706314221138
2020-11-18,True,10,3568.3575171941097,0.34835779185234017,116.30809590327048,116.30809590327048
2020-11-19,True,10,3568.3575171941097,0.34901153447012107,116.30809590327048,116.30809590327048
2020-11-20,True,10,3568.3575171941097,0.3370675855189025,116.30809590327048,116.30809590327048
2020-11-21,True,10,3568.3575171941097,0.3073057406232451,116.30809590327048,116.30809590327048
2020-11-22,True,10,3568.3575171941097,0.31408065232367777,116.30809590327048,116.30809590327048
2020-11-23,True,10,3568.3575171941097,0.2914478343258681,116.30809590327048,116.30809590327048
2020-11-24,True,10,3568.3575171941097,0.26908063115973596,116.30809590327048,116.30809590327048
2020-11-25,True,10,4453.436857968215,0.3483577918523402,125.55899002726385,125.55899002726385
2020-11-26,True,10,4453.436857968215,0.37682801282164363,125.55899002726385,125.55899002726385
2020-11-27,True,10,4453.436857968215,0.36828986249222523,125.55899002726385,125.55899002726385
2020-11-28,True,10,4453.436857968215,0.35896775124575636,125.55899002726385,125.55899002726385
2020-11-29,True,10,4453.436857968215,0.3580967541198104,125.55899002726385,125.55899002726385
2020-11-30,True,10,4453.436857968215,0.3490822757846375,125.55899002726385,125.55899002726385
2020-12-01,True,10,4453.436857968215,0.3653753404935759,125.55899002726385,125.55899002726385
2020-12-02,True,10,4361.6001454250545,0.3483577918523402,133.65853096854897,133.65853096854897
2020-12-03,True,10,4361.6001454250545,0.34224857832613226,133.65853096854897,133.65853096854897
2020-12-04,True,10,4361.6001454250545,0.36157344925495144,133.65853096854897,133.65853096854897
2020-12-05,True,10,4361.6001454250545,0.3473487546897652,133.65853096854897,133.65853096854897
2020-12-06,True,10,4361.6001454250545,0.3488599135306003,133.65853096854897,133.65853096854897
2020-12-07,True,10,4361.6001454250545,0.3506969456973249,133.65853096854897,133.65853096854897
2020-12-08,True,10,4361.6001454250545,0.36735369938146734,133.65853096854897,133.65853096854897
2020-12-09,True,10,4212.740788424169,0.34835779185234017,141.42136085220017,141.42136085220017
2020-12-10,True,10,4212.740788424169,0.35720746341639315,141.42136085220017,141.42136085220017
2020-12-11,True,10,4212.740788424169,0.36402263453121986,141.42136085220017,141.42136085220017
2020-12-12,True,10,4212.740788424169,0.35477422383024626,141.42136085220017,141.42136085220017
2020-12-13,True,10,4212.740788424169,0.34632013275170376,141.42136085220017,141.42136085220017
2020-12-14,True,10,4212.740788424169,0.3464675968786586,141.42136085220017,141.42136085220017
2020-12-15,True,10,4212.740788424169,0.3450391660677959,141.42136085220017,141.42136085220017
2020-12-16,True,10,4443.032940943054,0.3483577918523403,149.99661589608297,149.99661589608297
2020-12-17,True,10,4443.032940943054,0.3522967295245484,149.99661589608297,149.99661589608297
2020-12-18,True,10,4443.032940943054,0.3447124820339113,149.99661589608297,149.99661589608297
2020-12-19,True,10,4443.032940943054,0.3458747784972511,149.99661589608297,149.99661589608297
2020-12-20,True,10,4443.032940943054,0.3468693003674735,149.99661589608297,149.99661589608297
2020-12-21,True,10,4443.032940943054,0.35534515479784506,149.99661589608297,149.99661589608297
2020-12-22,True,10,4443.032940943054,0.3488118839838549,149.99661589608297,149.99661589608297
2020-12-23,True,10,4027.543432999824,0.34835779185234017,157.1444604285486,157.1444604285486
2020-12-24,True,10,4027.543432999824,0.3195030114091633,157.1444604285486,157.1444604285486
2020-12-25,True,10,4027.543432999824,0.31796465405222357,157.1444604285486,157.1444604285486
2020-12-26,True,10,4027.543432999824,0.3046460539110688,157.1444604285486,157.1444604285486
2020-12-27,True,10,4027.543432999824,0.313224781262861,157.1444604285486,157.1444604285486
2020-12-28,True,10,4027.543432999824,0.2931073176056238,157.1444604285486,157.1444604285486
2020-12-29,True,10,4027.543432999824,0.2954053782935922,157.1444604285486,157.1444604285486
2020-12-30,True,10,4727.897420330369,0.34835779185234017,166.72572593633024,166.72572593633024
2020-12-31,True,10,4727.897420330369,0.3375549758573918,166.72572593633024,166.72572593633024
2021-01-01,True,10,4727.897420330369,0.32994467949481526,166.72572593633024,166.72572593633024
2021-01-02,True,10,4727.897420330369,0.29501116603260197,166.72572593633024,166.72572593633024
2021-01-03,True,10,4727.897420330369,0.28765036136892913,166.72572593633024,166.72572593633024
2021-01-04,True,10,4727.897420330369,0.2855610202982979,166.72572593633024,166.72572593633024
2021-01-05,True,10,4727.897420330369,0.27249133830312555,166.72572593633024,166.72572593633024
2021-01-06,True,10,6675.190674720074,0.3483577918523403,181.21365911340988,181.21365911340988
2021-01-07,True,10,6675.190674720074,0.36376535516903946,181.21365911340988,181.21365911340988
2021-01-08,True,10,6675.190674720074,0.35811367153588797,181.21365911340988,181.21365911340988
2021-01-09,True,10,6675.190674720074,0.35111814610013303,181.21365911340988,181.21365911340988
2021-01-10,True,10,6675.190674720074,0.3633930951289562,181.21365911340988,181.21365911340988
2021-01-11,True,10,6675.190674720074,0.3882525194933702,181.21365911340988,181.21365911340988
2021-01-12,True,10,6675.190674720074,0.38951460225271195,181.21365911340988,181.21365911340988
2021-01-13,True,10,6458.197293386208,0.34835779185234017,193.12543112448574,193.12543112448574
2021-01-14,True,10,6458.197293386208,0.33378242454557194,193.12543112448574,193.12543112448574
2021-01-15,True,10,6458.197293386208,0.3404352758765222,193.12543112448574,193.12543112448574
2021-01-16,True,10,6458.197293386208,0.32378439466103137,193.12543112448574,193.12543112448574
2021-01-17,True,10,6458.197293386208,0.31986693864480137,193.12543112448574,193.12543112448574
2021-01-18,True,10,6458.197293386208,0.31655548012051243,193.12543112448574,193.12543112448574
2021-01-19,True,10,6458.197293386208,0.32189450304187944,193.12543112448574,193.12543112448574
2021-01-20,True,10,7339.960526706995,0.3483577918523402,207.79420937582597,207.79420937582597
2021-01-21,True,10,7339.960526706995,0.38212375465750104,207.79420937582597,207.79420937582597
2021-01-22,True,10,7339.960526706995,0.3640605762543542,207.79420937582597,207.79420937582597
2021-01-23,True,10,7339.960526706995,0.35815698921099787,207.79420937582597,207.79420937582597
2021-01-24,True,10,7339.960526706995,0.3583015488303954,207.79420937582597,207.79420937582597
2021-01-25,True,10,7339.960526706995,0.3625388110005156,207.79420937582597,207.79420937582597
2021-01-26,True,10,7339.960526706995,0.3537509540660939,207.79420937582597,207.79420937582597
2021-01-27,True,10,6769.21488524344,0.3483577918523402,219.93564522895934,219.93564522895934
2021-01-28,True,10,6769.21488524344,0.273355243421713,219.93564522895934,219.93564522895934
2021-01-29,True,10,6769.21488524344,0.25527449078526954,219.93564522895934,219.93564522895934
2021-01-30,True,10,6769.21488524344,0.28410187840602,219.93564522895934,219.93564522895934
2021-01-31,True,10,6769.21488524344,0.27329592152061205,219.93564522895934,219.93564522895934
2021-02-01,True,10,6769.21488524344,0.26763774214443825,219.93564522895934,219.93564522895934
2021-02-02,True,10,6769.21488524344,0.26956787377684044,219.93564522895934,219.93564522895934
2021-02-03,True,10,9408.344902402629,0.34835779185234017,240.2499639254893,240.2499639254893
2021-02-04,True,10,9408.344902402629,0.33993148060492795,240.2499639254893,240.2499639254893
2021-02-05,True,10,9408.344902402629,0.32277202370601765,240.2499639254893,240.2499639254893
2021-02-06,True,10,9408.344902402629,0.3109376874116452,240.2499639254893,240.2499639254893
2021-02-07,True,10,9408.344902402629,0.2911525133512343,240.2499639254893,240.2499639254893
2021-02-08,True,10,9408.344902402629,0.2776190713954671,240.2499639254893,240.2499639254893
2021-02-09,True,10,9408.344902402629,0.26823238033479385,240.2499639254893,240.2499639254893
2021-02-10,True,10,12930.185589585844,0.3483577918523401,268.06316391773333,268.06316391773333
2021-02-11,True,10,12930.185589585844,0.32963706989159053,268.06316391773333,268.06316391773333
2021-02-12,True,10,12930.185589585844,0.3111200663618123,268.06316391773333,268.06316391773333
2021-02-13,True,10,12930.185589585844,0.31171831773354336,268.06316391773333,268.06316391773333
2021-02-14,True,10,12930.185589585844,0.32872048508368745,268.06316391773333,268.06316391773333
2021-02-15,True,10,12930.185589585844,0.3289021839325442,268.06316391773333,268.06316391773333
2021-02-16,True,10,12930.185589585844,0.3295158015120554,268.06316391773333,268.06316391773333
2021-02-17,True,10,13830.11575813523,0.3483577918523402,294.93936625977915,294.93936625977915
2021-02-18,True,10,13830.11575813523,0.3347386120034055,294.93936625977915,294.93936625977915
2021-02-19,True,10,13830.11575813523,0.32477703597811713,294.93936625977915,294.93936625977915
2021-02-20,True,10,13830.11575813523,0.32447356052974485,294.93936625977915,294.93936625977915
2021-02-21,True,10,13830.11575813523,0.3178573151644933,294.93936625977915,294.93936625977915
2021-02-22,True,10,13830.11575813523,0.33150237290778206,294.93936625977915,294.93936625977915
2021-02-23,True,10,13830.11575813523,0.360351163613689,294.93936625977915,294.93936625977915
2021-02-24,True,10,14149.653364906231,0.3483577918523403,321.83413947230173,321.83413947230173
2021-02-25,True,10,14149.653364906231,0.35912500321650637,321.83413947230173,321.83413947230173
2021-02-26,True,10,14149.653364906231,0.34984906723503384,321.83413947230173,321.83413947230173
2021-02-27,True,10,14149.653364906231,0.33958626957332516,321.83413947230173,321.83413947230173
2021-02-28,True,10,14149.653364906231,0.3378935629452176,321.83413947230173,321.83413947230173
2021-03-01,True,10,14149.653364906231,0.3258912094652869,321.83413947230173,321.83413947230173
2021-03-02,True,10,14149.653364906231,0.32986252523934534,321.83413947230173,321.83413947230173
2021-03-03,True,10,15190.464111747695,0.34835779185234017,351.40638758120963,351.40638758120963
2021-03-04,True,10,15190.464111747695,0.35113463144612106,351.40638758120963,351.40638758120963
2021-03-05,True,10,15190.464111747695,0.3532355628025879,351.40638758120963,351.40638758120963
2021-03-06,True,10,15190.464111747695,0.35385243710903375,351.40638758120963,351.40638758120963
2021-03-07,True,10,15190.464111747695,0.3464921896167006,351.40638758120963,351.40638758120963
2021-03-08,True,10,15190.464111747695,0.33181482285373914,351.40638758120963,351.40638758120963
2021-03-09,True,10,15190.464111747695,0.3110888276000916,351.40638758120963,351.40638758120963
2021-03-10,True,10,16965.244251178974,0.3483577918523403,385.04730700761206,385.04730700761206
2021-03-11,True,10,16965.244251178974,0.32512318689563124,385.04730700761206,385.04730700761206
2021-03-12,True,10,16965.244251178974,0.32920541920374813,385.04730700761206,385.04730700761206
2021-03-13,True,10,16965.244251178974,0.3210251843336595,385.04730700761206,385.04730700761206
2021-03-14,True,10,16965.244251178974,0.3191347714870218,385.04730700761206,385.04730700761206
2021-03-15,True,10,16965.244251178974,0.3127820560790034,385.04730700761206,385.04730700761206
2021-03-16,True,10,16965.244251178974,0.3157516455839166,385.04730700761206,385.04730700761206
2021-03-17,True,10,19422.039272570182,0.3483577918523402,423.9857376004295,423.9857376004295
2021-03-18,True,10,19422.039272570182,0.353193893461459,423.9857376004295,423.9857376004295
2021-03-19,True,10,19422.039272570182,0.3462008036424703,423.9857376004295,423.9857376004295
2021-03-20,True,10,19422.039272570182,0.3491383562382904,423.9857376004295,423.9857376004295
2021-03-21,True,10,19422.039272570182,0.3421554052859183,423.9857376004295,423.9857376004295
2021-03-22,True,10,19422.039272570182,0.35355256217815256,423.9857376004295,423.9857376004295
2021-03-23,True,10,19422.039272570182,0.3463023261517698,423.9857376004295,423.9857376004295
2021-03-24,True,10,18655.180493933978,0.3483577918523402,458.2538095789195,458.2538095789195
2021-03-25,True,10,18655.180493933978,0.3447875787436554,458.2538095789195,458.2538095789195
2021-03-26,True,10,18655.180493933978,0.3264229432967851,458.2538095789195,458.2538095789195
2021-03-27,True,10,18655.180493933978,0.3308680819276518,458.2538095789195,458.2538095789195
2021-03-28,True,10,18655.180493933978,0.3249171889194166,458.2538095789195,458.2538095789195
2021-03-29,True,10,18655.180493933978,0.31428067728231873,458.2538095789195,458.2538095789195
2021-03-30,True,10,18655.180493933978,0.31590327119432837,458.2538095789195,458.2538095789195
2021-03-31,True,10,20843.61720536957,0.3483577918523402,499.5932227730317,499.5932227730317
2021-04-01,True,10,20843.61720536957,0.3504995632802972,499.5932227730317,499.5932227730317
2021-04-02,True,10,20843.61720536957,0.34337800066763935,499.5932227730317,499.5932227730317
2021-04-03,True,10,20843.61720536957,0.3532854845412678,499.5932227730317,499.5932227730317
2021-04-04,True,10,20843.61720536957,0.33880865970042684,499.5932227730317,499.5932227730317
2021-04-05,True,10,20843.61720536957,0.32766178811998903,499.5932227730317,499.5932227730317
2021-04-06,True,10,20843.61720536957,0.32559544767949106,499.5932227730317,499.5932227730317
2021-04-07,True,10,21220.743040119814,0.3483577918523402,539.8259787377527,539.8259787377527
2021-04-08,True,10,21220.743040119814,0.3329218239919608,539.8259787377527,539.8259787377527
2021-04-09,True,10,21220.743040119814,0.3325560017917898,539.8259787377527,539.8259787377527
2021-04-10,True,10,21220.743040119814,0.3245164937268778,539.8259787377527,539.8259787377527
2021-04-11,True,10,21220.743040119814,0.31907376089695827,539.8259787377527,539.8259787377527
2021-04-12,True,10,21220.743040119814,0.3206083114178748,539.8259787377527,539.8259787377527
2021-04-13,True,10,21220.743040119814,0.2947179136663776,539.8259787377527,539.8259787377527
2021-04-14,True,10,25216.911080154157,0.34835779185234017,591.1902697654652,591.1902697654652
2021-04-15,True,10,25216.911080154157,0.3265871002183371,591.1902697654652,591.1902697654652
2021-04-16,True,10,25216.911080154157,0.29249683350765954,591.1902697654652,591.1902697654652
2021-04-17,True,10,25216.911080154157,0.3075469734801195,591.1902697654652,591.1902697654652
2021-04-18,True,10,25216.911080154157,0.31139941519320385,591.1902697654652,591.1902697654652
2021-04-19,True,10,25216.911080154157,0.3131459056513576,591.1902697654652,591.1902697654652
2021-04-20,True,10,25216.911080154157,0.3178303002322262,591.1902697654652,591.1902697654652
2021-04-21,True,10,26407.459811384273,0.3483577918523403,641.9792996175369,641.9792996175369
2021-04-22,True,10,26407.459811384273,0.3713744932692391,641.9792996175369,641.9792996175369
2021-04-23,True,10,26407.459811384273,0.3690145939039621,641.9792996175369,641.9792996175369
2021-04-24,True,10,26407.459811384273,0.383757571760183,641.9792996175369,641.9792996175369
2021-04-25,True,10,26407.459811384273,0.38555665874591566,641.9792996175369,641.9792996175369
2021-04-26,True,10,26407.459811384273,0.35221032398082264,641.9792996175369,641.9792996175369
2021-04-27,True,10,26407.459811384273,0.3309881323513063,641.9792996175369,641.9792996175369
2021-04-28,True,10,27677.670356405288,0.3483577918523402,695.2337451345577,695.2337451345577
2021-04-29,True,10,27677.670356405288,0.3464211128482693,695.2337451345577,695.2337451345577
2021-04-30,True,10,27677.670356405288,0.33757795752054043,695.2337451345577,695.2337451345577
2021-05-01,True,10,27677.670356405288,0.33124232789432834,695.2337451345577,695.2337451345577
2021-05-02,True,10,27677.670356405288,0.33124690037590054,695.2337451345577,695.2337451345577
2021-05-03,True,10,27677.670356405288,0.3241387716976723,695.2337451345577,695.2337451345577
2021-05-04,True,10,27677.670356405288,0.33308750101686146,695.2337451345577,695.2337451345577
2021-05-05,True,10,32141.57558588749,0.34835779185234017,760.0719873485684,760.0719873485684
2021-05-06,True,10,32141.57558588749,0.3465054270863349,760.0719873485684,760.0719873485684
2021-05-07,True,10,32141.57558588749,0.33923848724595473,760.0719873485684,760.0719873485684
2021-05-08,True,10,32141.57558588749,0.3413913698214899,760.0719873485684,760.0719873485684
2021-05-09,True,10,32141.57558588749,0.3372368342765811,760.0719873485684,760.0719873485684
2021-05-10,True,10,32141.57558588749,0.3613595732829739,760.0719873485684,760.0719873485684
2021-05-11,True,10,32141.57558588749,0.34044482521258274,760.0719873485684,760.0719873485684
2021-05-12,True,10,29785.613715988973,0.3483577918523402,813.6519415509379,813.6519415509379
2021-05-13,True,10,29785.613715988973,0.32098246461608465,813.6519415509379,813.6519415509379
2021-05-14,True,10,29785.613715988973,0.2988765801498956,813.6519415509379,813.6519415509379
2021-05-15,True,10,29785.613715988973,0.3037535906742503,813.6519415509379,813.6519415509379
2021-05-16,True,10,29785.613715988973,0.29742988962514744,813.6519415509379,813.6519415509379
2021-05-17,True,10,29785.613715988973,0.3116216168772277,813.6519415509379,813.6519415509379
2021-05-18,True,10,29785.613715988973,0.2921605388817245,813.6519415509379,813.6519415509379
2021-05-19,False,10,29785.613715988973,0.3812129513599391,813.6519415509379,813.6519415509379
2021-05-20,True,10,29785.613715988973,0.34238228531100545,813.6519415509379,813.6519415509379
2021-05-21,False,10,29785.613715988973,0.3792978802448697,813.6519415509379,813.6519415509379
2021-05-22,False,10,29785.613715988973,0.39546956819588225,813.6519415509379,813.6519415509379
2021-05-23,False,10,29785.613715988973,0.4266510130709856,813.6519415509379,813.6519415509379
2021-05-24,False,10,29785.613715988973,0.36645513122800877,813.6519415509379,813.6519415509379
2021-05-25,False,10,29785.613715988973,0.36313203846783326,813.6519415509379,813.6519415509379
2021-05-26,False,10,29785.613715988973,0.3410598951526544,813.6519415509379,813.6519415509379
2021-05-27,False,10,29785.613715988973,0.35447009842890814,813.6519415509379,813.6519415509379
2021-05-28,False,10,29785.613715988973,0.37905462157802106,813.6519415509379,813.6519415509379
2021-05-29,False,10,29785.613715988973,0.3939215221680266,813.6519415509379,813.6519415509379
2021-05-30,False,10,29785.613715988973,0.3799120520411821,813.6519415509379,813.6519415509379
2021-05-31,False,10,29785.613715988973,0.36354314206666005,813.6519415509379,813.6519415509379
2021-06-01,False,10,29785.613715988973,0.3617358736097021,813.6519415509379,813.6519415509379
2021-06-02,False,10,29785.613715988973,0.3515444894397265,813.6519415509379,813.6519415509379
2021-06-03,False,10,29785.613715988973,0.3415136801077472,813.6519415509379,813.6519415509379
2021-06-04,False,10,29785.613715988973,0.3617096727365488,813.6519415509379,813.6519415509379
2021-06-05,False,10,29785.613715988973,0.3698961505956041,813.6519415509379,813.6519415509379
2021-06-06,False,10,29785.613715988973,0.3653352537113935,813.6519415509379,813.6519415509379
2021-06-07,False,10,29785.613715988973,0.38415081645885923,813.6519415509379,813.6519415509379
2021-06-08,False,10,29785.613715988973,0.3841714873340382,813.6519415509379,813.6519415509379
2021-06-09,False,10,29785.613715988973,0.3746653200905929,813.6519415509379,813.6519415509379
2021-06-10,False,10,29785.613715988973,0.388562727188404,813.6519415509379,813.6519415509379
2021-06-11,False,10,29785.613715988973,0.40364441151122565,813.6519415509379,813.6519415509379
2021-06-12,False,10,29785.613715988973,0.4004395264259571,813.6519415509379,813.6519415509379
2021-06-13,False,10,29785.613715988973,0.38543593321458847,813.6519415509379,813.6519415509379
2021-06-14,False,10,29785.613715988973,0.377991101795335,813.6519415509379,813.6519415509379
2021-06-15,False,10,29785.613715988973,0.3784690003151394,813.6519415509379,813.6519415509379
2021-06-16,False,10,29785.613715988973,0.3898718592637683,813.6519415509379,813.6519415509379
2021-06-17,False,10,29785.613715988973,0.38634878866442,813.6519415509379,813.6519415509379
2021-06-18,False,10,29785.613715988973,0.4006243961569412,813.6519415509379,813.6519415509379
2021-06-19,False,10,29785.613715988973,0.4078441460283674,813.6519415509379,813.6519415509379
2021-06-20,False,10,29785.613715988973,0.4052959182008154,813.6519415509379,813.6519415509379
2021-06-21,False,10,29785.613715988973,0.46917928401558395,813.6519415509379,813.6519415509379
2021-06-22,False,10,29785.613715988973,0.47228522768012565,813.6519415509379,813.6519415509379
2021-06-23,False,10,29785.613715988973,0.4469263412512518,813.6519415509379,813.6519415509379
2021-06-24,False,10,29785.613715988973,0.4312815757452511,813.6519415509379,813.6519415509379
2021-06-25,False,10,29785.613715988973,0.4589758165591265,813.6519415509379,813.6519415509379
2021-06-26,False,10,29785.613715988973,0.45267186922560954,813.6519415509379,813.6519415509379
2021-06-27,False,10,29785.613715988973,0.44115210324976806,813.6519415509379,813.6519415509379
2021-06-28,False,10,29785.613715988973,0.44062010501885823,813.6519415509379,813.6519415509379
2021-06-29,False,10,29785.613715988973,0.42886598250343333,813.6519415509379,813.6519415509379
2021-06-30,False,10,29785.613715988973,0.42970239140493927,813.6519415509379,813.6519415509379
2021-07-01,False,10,29785.613715988973,0.442955689789043,813.6519415509379,813.6519415509379
2021-07-02,False,10,29785.613715988973,0.4403964395658785,813.6519415509379,813.6519415509379
2021-07-03,False,10,29785.613715988973,0.43784686536944345,813.6519415509379,813.6519415509379
2021-07-04,False,10,29785.613715988973,0.433837798398941,813.6519415509379,813.6519415509379
2021-07-05,False,10,29785.613715988973,0.4452854629930128,813.6519415509379,813.6519415509379
2021-07-06,False,10,29785.613715988973,0.4400360053367747,813.6519415509379,813.6519415509379
2021-07-07,False,10,29785.613715988973,0.4415515487984928,813.6519415509379,813.6519415509379
2021-07-08,False,10,29785.613715988973,0.4584932570494548,813.6519415509379,813.6519415509379
2021-07-09,False,10,29785.613715988973,0.45313263013598815,813.6519415509379,813.6519415509379
2021-07-10,False,10,29785.613715988973,0.45787682720934225,813.6519415509379,813.6519415509379
2021-07-11,False,10,29785.613715988973,0.4552749864306126,813.6519415509379,813.6519415509379
2021-07-12,False,10,29785.613715988973,0.4645529235402562,813.6519415509379,813.6519415509379
2021-07-13,False,10,29785.613715988973,0.47142209819249387,813.6519415509379,813.6519415509379
2021-07-14,False,10,29785.613715988973,0.47388279813270856,813.6519415509379,813.6519415509379
2021-07-15,False,10,29785.613715988973,0.4834127110689103,813.6519415509379,813.6519415509379
2021-07-16,False,10,29785.613715988973,0.49705917551592893,813.6519415509379,813.6519415509379
2021-07-17,False,10,29785.613715988973,0.49396598895223354,813.6519415509379,813.6519415509379
2021-07-18,False,10,29785.613715988973,0.4947285428326041,813.6519415509379,813.6519415509379
2021-07-19,False,10,29785.613715988973,0.5110997802270023,813.6519415509379,813.6519415509379
2021-07-20,False,10,29785.613715988973,0.5253569882664878,813.6519415509379,813.6519415509379
2021-07-21,False,10,29785.613715988973,0.4915476061690247,813.6519415509379,813.6519415509379
2021-07-22,False,10,29785.613715988973,0.4844292794968152,813.6519415509379,813.6519415509379
2021-07-23,False,10,29785.613715988973,0.4763795965901476,813.6519415509379,813.6519415509379
2021-07-24,False,10,29785.613715988973,0.4715092437563206,813.6519415509379,813.6519415509379
2021-07-25,False,10,29785.613715988973,0.4685379033365708,813.6519415509379,813.6519415509379
2021-07-26,False,10,29785.613715988973,0.46355783701130326,813.6519415509379,813.6519415509379
2021-07-27,False,10,29785.613715988973,0.45562440988433817,813.6519415509379,813.6519415509379
2021-07-28,False,10,29785.613715988973,0.45684929728914025,813.6519415509379,813.6519415509379
2021-07-29,False,10,29785.613715988973,0.454230757268304,813.6519415509379,813.6519415509379
2021-07-30,False,10,29785.613715988973,0.44787418380749544,813.6519415509379,813.6519415509379
2021-07-31,False,10,29785.613715988973,0.4446959972863536,813.6519415509379,813.6519415509379
2021-08-01,False,10,29785.613715988973,0.450111779938157,813.6519415509379,813.6519415509379
2021-08-02,False,10,29785.613715988973,0.44973495761846094,813.6519415509379,813.6519415509379
2021-08-03,False,10,29785.613715988973,0.45021123495558146,813.6519415509379,813.6519415509379
2021-08-04,False,10,29785.613715988973,0.4432769538736821,813.6519415509379,813.6519415509379
2021-08-05,False,10,29785.613715988973,0.43775691691083185,813.6519415509379,813.6519415509379
2021-08-06,False,10,29785.613715988973,0.43339353839795414,813.6519415509379,813.6519415509379
2021-08-07,False,10,29785.613715988973,0.41500582961912114,813.6519415509379,813.6519415509379
2021-08-08,False,10,29785.613715988973,0.42955429546743407,813.6519415509379,813.6519415509379
2021-08-09,True,10,29785.613715988973,0.4191452077202711,813.6519415509379,813.6519415509379
2021-08-10,True,10,29785.613715988973,0.41080165175769884,813.6519415509379,813.6519415509379
2021-08-11,True,10,26347.520527326295,0.3483577918523402,859.6904811221648,859.6904811221648
2021-08-12,False,10,26347.520527326295,0.3534379327760192,859.6904811221648,859.6904811221648
2021-08-13,True,10,26347.520527326295,0.3321995579251742,859.6904811221648,859.6904811221648
2021-08-14,True,10,26347.520527326295,0.3228412663601114,859.6904811221648,859.6904811221648
2021-08-15,True,10,26347.520527326295,0.3173566636724611,859.6904811221648,859.6904811221648
2021-08-16,True,10,26347.520527326295,0.32460671190908674,859.6904811221648,859.6904811221648
2021-08-17,False,10,26347.520527326295,0.3393737797940094,859.6904811221648,859.6904811221648
2021-08-18,False,10,26347.520527326295,0.3365835599160854,859.6904811221648,859.6904811221648
2021-08-19,True,10,26347.520527326295,0.31784924174164403,859.6904811221648,859.6904811221648
2021-08-20,True,10,26347.520527326295,0.30996581522442523,859.6904811221648,859.6904811221648
2021-08-21,True,10,26347.520527326295,0.31371150112723295,859.6904811221648,859.6904811221648
2021-08-22,True,10,26347.520527326295,0.3107382959654788,859.6904811221648,859.6904811221648
2021-08-23,True,10,26347.520527326295,0.303859042281042,859.6904811221648,859.6904811221648
2021-08-24,True,10,26347.520527326295,0.3212659763247384,859.6904811221648,859.6904811221648
2021-08-25,True,10,29039.136289062248,0.34835779185234017,916.9261621616819,916.9261621616819
2021-08-26,True,10,29039.136289062248,0.36749822788473036,916.9261621616819,916.9261621616819
2021-08-27,True,10,29039.136289062248,0.3456590272346711,916.9261621616819,916.9261621616819
2021-08-28,True,10,29039.136289062248,0.3506387309173453,916.9261621616819,916.9261621616819
2021-08-29,True,10,29039.136289062248,0.35295156580562237,916.9261621616819,916.9261621616819
2021-08-30,True,10,29039.136289062248,0.3604894762040296,916.9261621616819,916.9261621616819
2021-08-31,True,10,29039.136289062248,0.3481676209721094,916.9261621616819,916.9261621616819
2021-09-01,True,10,30206.53202319617,0.3483577918523402,974.8270653825567,974.8270653825567
2021-09-02,True,10,30206.53202319617,0.3461514002482586,974.8270653825567,974.8270653825567
2021-09-03,True,10,30206.53202319617,0.3407332132928613,974.8270653825567,974.8270653825567
2021-09-04,True,10,30206.53202319617,0.33740035231802334,974.8270653825567,974.8270653825567
2021-09-05,True,10,30206.53202319617,0.32813183702929977,974.8270653825567,974.8270653825567
2021-09-06,True,10,30206.53202319617,0.32527671206645853,974.8270653825567,974.8270653825567
2021-09-07,True,10,30206.53202319617,0.36636099774964576,974.8270653825567,974.8270653825567
2021-09-08,True,10,29909.531357426327,0.34835779185234006,1030.7028378357702,1030.7028378357702
2021-09-09,True,10,29909.531357426327,0.33714161931794306,1030.7028378357702,1030.7028378357702
2021-09-10,False,10,29909.531357426327,0.3510306430572561,1030.7028378357702,1030.7028378357702
2021-09-11,False,10,29909.531357426327,0.3396325821854756,1030.7028378357702,1030.7028378357702
2021-09-12,True,10,29909.531357426327,0.3214924950668705,1030.7028378357702,1030.7028378357702
2021-09-13,False,10,29909.531357426327,0.3330477414073941,1030.7028378357702,1030.7028378357702
2021-09-14,True,10,29909.531357426327,0.32515575833015625,1030.7028378357702,1030.7028378357702
2021-09-15,True,10,32711.414729954293,0.34835779185234017,1094.9459476705263,1094.9459476705263
2021-09-16,True,10,32711.414729954293,0.3549180932991708,1094.9459476705263,1094.9459476705263
2021-09-17,True,10,32711.414729954293,0.3672622404105165,1094.9459476705263,1094.9459476705263
2021-09-18,True,10,32711.414729954293,0.3626834778177798,1094.9459476705263,1094.9459476705263
2021-09-19,True,10,32711.414729954293,0.37236694676171606,1094.9459476705263,1094.9459476705263
2021-09-20,False,10,32711.414729954293,0.40672354734103433,1094.9459476705263,1094.9459476705263
2021-09-21,False,10,32711.414729954293,0.42134501198167224,1094.9459476705263,1094.9459476705263
2021-09-22,False,10,32711.414729954293,0.3869653834561171,1094.9459476705263,1094.9459476705263
2021-09-23,False,10,32711.414729954293,0.3785446925613312,1094.9459476705263,1094.9459476705263
2021-09-24,False,10,32711.414729954293,0.39807291767299907,1094.9459476705263,1094.9459476705263
2021-09-25,False,10,32711.414729954293,0.40229882441890313,1094.9459476705263,1094.9459476705263
2021-09-26,False,10,32711.414729954293,0.4048303195624036,1094.9459476705263,1094.9459476705263
2021-09-27,False,10,32711.414729954293,0.41471398371794604,1094.9459476705263,1094.9459476705263
2021-09-28,False,10,32711.414729954293,0.4259008970215112,1094.9459476705263,1094.9459476705263
2021-09-29,False,10,32711.414729954293,0.4185955330974341,1094.9459476705263,1094.9459476705263
2021-09-30,False,10,32711.414729954293,0.40811746795363457,1094.9459476705263,1094.9459476705263
2021-10-01,True,10,32711.414729954293,0.3856891863219855,1094.9459476705263,1094.9459476705263
2021-10-02,True,10,32711.414729954293,0.38280707512241535,1094.9459476705263,1094.9459476705263
2021-10-03,True,10,32711.414729954293,0.37609723044355486,1094.9459476705263,1094.9459476705263
2021-10-04,True,10,32711.414729954293,0.3787638897136207,1094.9459476705263,1094.9459476705263
2021-10-05,True,10,32711.414729954293,0.37270925059017707,1094.9459476705263,1094.9459476705263
2021-10-06,True,10,30190.877762374108,0.34835779185234017,1149.1221271305171,1149.1221271305171
2021-10-07,True,10,30190.877762374108,0.3464474105893367,1149.1221271305171,1149.1221271305171
2021-10-08,True,10,30190.877762374108,0.3463700727397509,1149.1221271305171,1149.1221271305171
2021-10-09,True,10,30190.877762374108,0.33896462585739373,1149.1221271305171,1149.1221271305171
2021-10-10,True,10,30190.877762374108,0.35480915577404776,1149.1221271305171,1149.1221271305171
2021-10-11,True,10,30190.877762374108,0.35568287921300396,1149.1221271305171,1149.1221271305171
2021-10-12,True,10,30190.877762374108,0.357198797841382,1149.1221271305171,1149.1221271305171
2021-10-13,True,10,30504.302514639905,0.34835779185234017,1206.726593527204,1206.726593527204
2021-10-14,True,10,30504.302514639905,0.3467843049235978,1206.726593527204,1206.726593527204
2021-10-15,True,10,30504.302514639905,0.3383743201343328,1206.726593527204,1206.726593527204
2021-10-16,True,10,30504.302514639905,0.337865148213227,1206.726593527204,1206.726593527204
2021-10-17,True,10,30504.302514639905,0.341169863601631,1206.726593527204,1206.726593527204
2021-10-18,True,10,30504.302514639905,0.3422885070136655,1206.726593527204,1206.726593527204
2021-10-19,True,10,30504.302514639905,0.342170059351828,1206.726593527204,1206.726593527204
2021-10-20,True,10,31989.49083400345,0.3483577918523402,1268.2945176751389,1268.2945176751389
2021-10-21,True,10,31989.49083400345,0.35418344438997945,1268.2945176751389,1268.2945176751389
2021-10-22,True,10,31989.49083400345,0.3501143770014744,1268.2945176751389,1268.2945176751389
2021-10-23,True,10,31989.49083400345,0.34508802544056355,1268.2945176751389,1268.2945176751389
2021-10-24,True,10,31989.49083400345,0.34873341225793164,1268.2945176751389,1268.2945176751389
2021-10-25,True,10,31989.49083400345,0.33871746945427134,1268.2945176751389,1268.2945176751389
2021-10-26,True,10,31989.49083400345,0.3388838610258157,1268.2945176751389,1268.2945176751389
2021-10-27,True,10,30842.608946044125,0.3483577918523402,1325.0711274126497,1325.0711274126497
2021-10-28,True,10,30842.608946044125,0.3298231579596719,1325.0711274126497,1325.0711274126497
2021-10-29,True,10,30842.608946044125,0.32395698832296804,1325.0711274126497,1325.0711274126497
2021-10-30,True,10,30842.608946044125,0.3253682416460889,1325.0711274126497,1325.0711274126497
2021-10-31,True,10,30842.608946044125,0.32595231424279014,1325.0711274126497,1325.0711274126497
2021-11-01,True,10,30842.608946044125,0.3217549792886048,1325.0711274126497,1325.0711274126497
2021-11-02,True,10,30842.608946044125,0.3157966099777989,1325.0711274126497,1325.0711274126497
2021-11-03,True,10,34111.31915478155,0.34835779185234017,1392.411173095406,1392.411173095406
2021-11-04,True,10,34111.31915478155,0.34849491179991465,1392.411173095406,1392.411173095406
2021-11-05,True,10,34111.31915478155,0.3505448581032775,1392.411173095406,1392.411173095406
2021-11-06,True,10,34111.31915478155,0.3505592045374887,1392.411173095406,1392.411173095406
2021-11-07,True,10,34111.31915478155,0.3499125450659936,1392.411173095406,1392.411173095406
2021-11-08,True,10,34111.31915478155,0.337306970583854,1392.411173095406,1392.411173095406
2021-11-09,True,10,34111.31915478155,0.3393700881866273,1392.411173095406,1392.411173095406
2021-11-10,True,10,33550.46615038007,0.3483577918523402,1454.8606378590916,1454.8606378590916
2021-11-11,True,10,33550.46615038007,0.3431423510401416,1454.8606378590916,1454.8606378590916
2021-11-12,True,10,33550.46615038007,0.34559221696562864,1454.8606378590916,1454.8606378590916
2021-11-13,True,10,33550.46615038007,0.34447466643743785,1454.8606378590916,1454.8606378590916
2021-11-14,True,10,33550.46615038007,0.345309025710919,1454.8606378590916,1454.8606378590916
2021-11-15,True,10,33550.46615038007,0.3485531782840044,1454.8606378590916,1454.8606378590916
2021-11-16,True,10,33550.46615038007,0.3701020077797429,1454.8606378590916,1454.8606378590916
2021-11-17,True,10,31939.280335117637,0.34835779185234017,1513.2316819100583,1513.2316819100583
2021-11-18,True,10,31939.280335117637,0.3661606003558186,1513.2316819100583,1513.2316819100583
2021-11-19,True,10,31939.280335117637,0.3531717821258542,1513.2316819100583,1513.2316819100583
2021-11-20,True,10,31939.280335117637,0.3500545515774815,1513.2316819100583,1513.2316819100583
2021-11-21,True,10,31939.280335117637,0.3530493544116896,1513.2316819100583,1513.2316819100583
2021-11-22,True,10,31939.280335117637,0.36382709145642467,1513.2316819100583,1513.2316819100583
2021-11-23,True,10,31939.280335117637,0.3549013555117243,1513.2316819100583,1513.2316819100583
2021-11-24,True,10,30285.135125172816,0.3483577918523402,1568.4530150112018,1568.4530150112018
2021-11-25,True,10,30285.135125172816,0.3355289524607775,1568.4530150112018,1568.4530150112018
2021-11-26,True,10,30285.135125172816,0.36086689667443866,1568.4530150112018,1568.4530150112018
2021-11-27,True,10,30285.135125172816,0.358973985816912,1568.4530150112018,1568.4530150112018
2021-11-28,True,10,30285.135125172816,0.35533846569413946,1568.4530150112018,1568.4530150112018
2021-11-29,True,10,30285.135125172816,0.34631597517159624,1568.4530150112018,1568.4530150112018
2021-11-30,True,10,30285.135125172816,0.34733243878937275,1568.4530150112018,1568.4530150112018
2021-12-01,True,10,30731.3874913505,0.3483577918523402,1626.617065610813,1626.617065610813
2021-12-02,True,10,30731.3874913505,0.34734015169886806,1626.617065610813,1626.617065610813
2021-12-03,True,10,30731.3874913505,0.3565873582943766,1626.617065610813,1626.617065610813
2021-12-04,True,10,30731.3874913505,0.38251866417879943,1626.617065610813,1626.617065610813
2021-12-05,True,10,30731.3874913505,0.386198026348822,1626.617065610813,1626.617065610813
2021-12-06,True,10,30731.3874913505,0.3779670086605243,1626.617065610813,1626.617065610813
2021-12-07,True,10,30731.3874913505,0.3784544278935461,1626.617065610813,1626.617065610813
2021-12-08,True,10,28687.32130423662,0.3483577918523402,1678.4468273701332,1678.4468273701332
2021-12-09,True,10,28687.32130423662,0.3707001726143959,1678.4468273701332,1678.4468273701332
2021-12-10,True,10,28687.32130423662,0.37906270105183326,1678.4468273701332,1678.4468273701332
2021-12-11,True,10,28687.32130423662,0.3672038852984159,1678.4468273701332,1678.4468273701332
2021-12-12,True,10,28687.32130423662,0.36680851950127147,1678.4468273701332,1678.4468273701332
2021-12-13,False,10,28687.32130423662,0.3930288911753865,1678.4468273701332,1678.4468273701332
2021-12-14,True,10,28687.32130423662,0.3802744986444599,1678.4468273701332,1678.4468273701332
2021-12-15,True,10,26855.822179323055,0.3483577918523403,1727.04982668058,1727.04982668058
2021-12-16,True,10,26855.822179323055,0.3560414978904855,1727.04982668058,1727.04982668058
2021-12-17,False,10,26855.822179323055,0.3620075197805264,1727.04982668058,1727.04982668058
2021-12-18,False,10,26855.822179323055,0.35312557468762784,1727.04982668058,1727.04982668058
2021-12-19,False,10,26855.822179323055,0.35464417407828686,1727.04982668058,1727.04982668058
2021-12-20,False,10,26855.822179323055,0.3603832188176634,1727.04982668058,1727.04982668058
2021-12-21,True,10,26855.822179323055,0.3503331076334342,1727.04982668058,1727.04982668058
2021-12-22,True,10,27178.988029281853,0.3483577918523402,1778.418749712572,1778.418749712572
2021-12-23,True,10,27178.988029281853,0.3335203170004735,1778.418749712572,1778.418749712572
2021-12-24,True,10,27178.988029281853,0.33958201838449414,1778.418749712572,1778.418749712572
2021-12-25,True,10,27178.988029281853,0.3325714983344643,1778.418749712572,1778.418749712572
2021-12-26,True,10,27178.988029281853,0.32625212764607225,1778.418749712572,1778.418749712572
2021-12-27,True,10,27178.988029281853,0.3261823504315362,1778.418749712572,1778.418749712572
2021-12-28,False,10,27178.988029281853,0.3457497344722285,1778.418749712572,1778.418749712572
2021-12-29,False,10,27178.988029281853,0.3495867021259805,1778.418749712572,1778.418749712572
2021-12-30,False,10,27178.988029281853,0.3428377423550987,1778.418749712572,1778.418749712572
2021-12-31,False,10,27178.988029281853,0.3478520802555763,1778.418749712572,1778.418749712572
2022-01-01,False,10,27178.988029281853,0.33972114019413774,1778.418749712572,1778.418749712572
2022-01-02,False,10,27178.988029281853,0.33754082609910585,1778.418749712572,1778.418749712572
2022-01-03,False,10,27178.988029281853,0.33989101302685826,1778.418749712572,1778.418749712572
2022-01-04,False,10,27178.988029281853,0.34351797703126635,1778.418749712572,1778.418749712572
2022-01-05,False,10,27178.988029281853,0.3593773095286646,1778.418749712572,1778.418749712572
2022-01-06,False,10,27178.988029281853,0.3570146167500406,1778.418749712572,1778.418749712572
2022-01-07,False,10,27178.988029281853,0.37092303865356047,1778.418749712572,1778.418749712572
2022-01-08,False,10,27178.988029281853,0.3784190623620302,1778.418749712572,1778.418749712572
2022-01-09,False,10,27178.988029281853,0.3736542400867075,1778.418749712572,1778.418749712572
2022-01-10,False,10,27178.988029281853,0.3824843558452139,1778.418749712572,1778.418749712572
2022-01-11,False,10,27178.988029281853,0.3669683657723775,1778.418749712572,1778.418749712572
2022-01-12,False,10,27178.988029281853,0.3540986274451787,1778.418749712572,1778.418749712572
2022-01-13,False,10,27178.988029281853,0.36499790036116175,1778.418749712572,1778.418749712572
2022-01-14,False,10,27178.988029281853,0.35876464243453204,1778.418749712572,1778.418749712572
2022-01-15,False,10,27178.988029281853,0.359375333542849,1778.418749712572,1778.418749712572
2022-01-16,False,10,27178.988029281853,0.35740963648088764,1778.418749712572,1778.418749712572
2022-01-17,False,10,27178.988029281853,0.36236302712726387,1778.418749712572,1778.418749712572
2022-01-18,False,10,27178.988029281853,0.36850195980383144,1778.418749712572,1778.418749712572
2022-01-19,False,10,27178.988029281853,0.3751484872291686,1778.418749712572,1778.418749712572
2022-01-20,False,10,27178.988029281853,0.38611732314990715,1778.418749712572,1778.418749712572
2022-01-21,False,10,27178.988029281853,0.4164427479420174,1778.418749712572,1778.418749712572
2022-01-22,False,10,27178.988029281853,0.43565233037482637,1778.418749712572,1778.418749712572
2022-01-23,False,10,27178.988029281853,0.42712216583543344,1778.418749712572,1778.418749712572
2022-01-24,False,10,27178.988029281853,0.4398188567379435,1778.418749712572,1778.418749712572
2022-01-25,False,10,27178.988029281853,0.43574653545259723,1778.418749712572,1778.418749712572
2022-01-26,False,10,27178.988029281853,0.4333156774549225,1778.418749712572,1778.418749712572
2022-01-27,False,10,27178.988029281853,0.43484553778705487,1778.418749712572,1778.418749712572
2022-01-28,False,10,27178.988029281853,0.4291575356829131,1778.418749712572,1778.418749712572
2022-01-29,False,10,27178.988029281853,0.4244033102439884,1778.418749712572,1778.418749712572
2022-01-30,False,10,27178.988029281853,0.4323160065171666,1778.418749712572,1778.418749712572
2022-01-31,False,10,27178.988029281853,0.42755292056574007,1778.418749712572,1778.418749712572
2022-02-01,False,10,27178.988029281853,0.42389385932448126,1778.418749712572,1778.418749712572
2022-02-02,False,10,27178.988029281853,0.43547172527386974,1778.418749712572,1778.418749712572
2022-02-03,False,10,27178.988029281853,0.4298116465890346,1778.418749712572,1778.418749712572
2022-02-04,False,10,27178.988029281853,0.41219082830481957,1778.418749712572,1778.418749712572
2022-02-05,False,10,27178.988029281853,0.4085871677519323,1778.418749712572,1778.418749712572
2022-02-06,False,10,27178.988029281853,0.40170655670017247,1778.418749712572,1778.418749712572
2022-02-07,False,10,27178.988029281853,0.38707026590360555,1778.418749712572,1778.418749712572
2022-02-08,False,10,27178.988029281853,0.39370890945248593,1778.418749712572,1778.418749712572
2022-02-09,False,10,27178.988029281853,0.389819865433194,1778.418749712572,1778.418749712572
2022-02-10,False,10,27178.988029281853,0.3982325900241552,1778.418749712572,1778.418749712572
2022-02-11,False,10,27178.988029281853,0.4142767759305528,1778.418749712572,1778.418749712572
2022-02-12,False,10,27178.988029281853,0.4154853780939704,1778.418749712572,1778.418749712572
2022-02-13,False,10,27178.988029281853,0.4198362480575944,1778.418749712572,1778.418749712572
2022-02-14,False,10,27178.988029281853,0.4180117076648387,1778.418749712572,1778.418749712572
2022-02-15,False,10,27178.988029281853,0.4015455894410477,1778.418749712572,1778.418749712572
2022-02-16,False,10,27178.988029281853,0.40360570070558655,1778.418749712572,1778.418749712572
2022-02-17,False,10,27178.988029281853,0.4246572261561408,1778.418749712572,1778.418749712572
2022-02-18,False,10,27178.988029281853,0.42885667982503267,1778.418749712572,1778.418749712572
2022-02-19,False,10,27178.988029281853,0.42664601225258597,1778.418749712572,1778.418749712572
2022-02-20,False,10,27178.988029281853,0.440834668752224,1778.418749712572,1778.418749712572
2022-02-21,False,10,27178.988029281853,0.45850447580995507,1778.418749712572,1778.418749712572
2022-02-22,False,10,27178.988029281853,0.4443662381072243,1778.418749712572,1778.418749712572
2022-02-23,False,10,27178.988029281853,0.4536176529384741,1778.418749712572,1778.418749712572
2022-02-24,False,10,27178.988029281853,0.4554316620062776,1778.418749712572,1778.418749712572
2022-02-25,False,10,27178.988029281853,0.44427465558680324,1778.418749712572,1778.418749712572
2022-02-26,False,10,27178.988029281853,0.44332910785767565,1778.418749712572,1778.418749712572
2022-02-27,False,10,27178.988029281853,0.4551651485851114,1778.418749712572,1778.418749712572
2022-02-28,False,10,27178.988029281853,0.43078283355862823,1778.418749712572,1778.418749712572
2022-03-01,False,10,27178.988029281853,0.4309979171546994,1778.418749712572,1778.418749712572
2022-03-02,False,10,27178.988029281853,0.4349089499642015,1778.418749712572,1778.418749712572
2022-03-03,False,10,27178.988029281853,0.4405996902017009,1778.418749712572,1778.418749712572
2022-03-04,False,10,27178.988029281853,0.4566924876651463,1778.418749712572,1778.418749712572
2022-03-05,False,10,27178.988029281853,0.4508247329407077,1778.418749712572,1778.418749712572
2022-03-06,False,10,27178.988029281853,0.46077266749410273,1778.418749712572,1778.418749712572
2022-03-07,False,10,27178.988029281853,0.46497823864861143,1778.418749712572,1778.418749712572
2022-03-08,False,10,27178.988029281853,0.46057951136440456,1778.418749712572,1778.418749712572
2022-03-09,False,10,27178.988029281853,0.4493467360221404,1778.418749712572,1778.418749712572
2022-03-10,False,10,27178.988029281853,0.4580389173141132,1778.418749712572,1778.418749712572
2022-03-11,False,10,27178.988029281853,0.4614140734147917,1778.418749712572,1778.418749712572
2022-03-12,False,10,27178.988029281853,0.46093890455735387,1778.418749712572,1778.418749712572
2022-03-13,False,10,27178.988029281853,0.4686210099016251,1778.418749712572,1778.418749712572
2022-03-14,False,10,27178.988029281853,0.4631753309415992,1778.418749712572,1778.418749712572
2022-03-15,False,10,27178.988029281853,0.4633364725781172,1778.418749712572,1778.418749712572
2022-03-16,False,10,27178.988029281853,0.45334631478959997,1778.418749712572,1778.418749712572
2022-03-17,False,10,27178.988029281853,0.4544870972388432,1778.418749712572,1778.418749712572
2022-03-18,False,10,27178.988029281853,0.4495671427972338,1778.418749712572,1778.418749712572
2022-03-19,False,10,27178.988029281853,0.4431928901376237,1778.418749712572,1778.418749712572
2022-03-20,False,10,27178.988029281853,0.4494026874534694,1778.418749712572,1778.418749712572
2022-03-21,False,10,27178.988029281853,0.4439970210789941,1778.418749712572,1778.418749712572
2022-03-22,False,10,27178.988029281853,0.43652538496133186,1778.418749712572,1778.418749712572
2022-03-23,False,10,27178.988029281853,0.42731439697268353,1778.418749712572,1778.418749712572
2022-03-24,False,10,27178.988029281853,0.4197166826197252,1778.418749712572,1778.418749712572
2022-03-25,False,10,27178.988029281853,0.4251531478011527,1778.418749712572,1778.418749712572
2022-03-26,False,10,27178.988029281853,0.4163333484678959,1778.418749712572,1778.418749712572
2022-03-27,False,10,27178.988029281853,0.4013716335415703,1778.418749712572,1778.418749712572
2022-03-28,False,10,27178.988029281853,0.4057010852635755,1778.418749712572,1778.418749712572
2022-03-29,False,10,27178.988029281853,0.3994080889005251,1778.418749712572,1778.418749712572
2022-03-30,False,10,27178.988029281853,0.3946006955308434,1778.418749712572,1778.418749712572
2022-03-31,False,10,27178.988029281853,0.4021321343008089,1778.418749712572,1778.418749712572
2022-04-01,False,10,27178.988029281853,0.3962851381526735,1778.418749712572,1778.418749712572
2022-04-02,False,10,27178.988029281853,0.399734487481571,1778.418749712572,1778.418749712572
2022-04-03,False,10,27178.988029281853,0.39393017817012044,1778.418749712572,1778.418749712572
2022-04-04,False,10,27178.988029281853,0.3995961403771152,1778.418749712572,1778.418749712572
2022-04-05,False,10,27178.988029281853,0.40294293782315094,1778.418749712572,1778.418749712572
2022-04-06,False,10,27178.988029281853,0.4297137139541959,1778.418749712572,1778.418749712572
2022-04-07,False,10,27178.988029281853,0.4201008291767414,1778.418749712572,1778.418749712572
2022-04-08,False,10,27178.988029281853,0.4323350134226352,1778.418749712572,1778.418749712572
2022-04-09,False,10,27178.988029281853,0.4268196042026521,1778.418749712572,1778.418749712572
2022-04-10,False,10,27178.988029281853,0.4318354279462019,1778.418749712572,1778.418749712572
2022-04-11,False,10,27178.988029281853,0.4529957446900119,1778.418749712572,1778.418749712572
2022-04-12,False,10,27178.988029281853,0.4449029297754782,1778.418749712572,1778.418749712572
2022-04-13,False,10,27178.988029281853,0.43958899181916017,1778.418749712572,1778.418749712572
2022-04-14,False,10,27178.988029281853,0.44417184188191045,1778.418749712572,1778.418749712572
2022-04-15,False,10,27178.988029281853,0.43884070151179916,1778.418749712572,1778.418749712572
2022-04-16,False,10,27178.988029281853,0.43953991712537444,1778.418749712572,1778.418749712572
2022-04-17,False,10,27178.988029281853,0.4493744952485308,1778.418749712572,1778.418749712572
2022-04-18,False,10,27178.988029281853,0.4418380812185583,1778.418749712572,1778.418749712572
2022-04-19,False,10,27178.988029281853,0.43719548839197764,1778.418749712572,1778.418749712572
2022-04-20,False,10,27178.988029281853,0.4402784452532106,1778.418749712572,1778.418749712572
2022-04-21,False,10,27178.988029281853,0.44203026577288834,1778.418749712572,1778.418749712572
2022-04-22,False,10,27178.988029281853,0.44471547963959995,1778.418749712572,1778.418749712572
2022-04-23,False,10,27178.988029281853,0.4474541894193255,1778.418749712572,1778.418749712572
2022-04-24,False,10,27178.988029281853,0.45146244281962983,1778.418749712572,1778.418749712572
2022-04-25,False,10,27178.988029281853,0.4446542404808338,1778.418749712572,1778.418749712572
2022-04-26,False,10,27178.988029281853,0.4659813560185606,1778.418749712572,1778.418749712572
2022-04-27,False,10,27178.988029281853,0.46162343807808875,1778.418749712572,1778.418749712572
2022-04-28,False,10,27178.988029281853,0.46163495107298363,1778.418749712572,1778.418749712572
2022-04-29,False,10,27178.988029281853,0.47404601454388623,1778.418749712572,1778.418749712572
2022-04-30,False,10,27178.988029281853,0.4933810390137223,1778.418749712572,1778.418749712572
2022-05-01,False,10,27178.988029281853,0.4786836782713653,1778.418749712572,1778.418749712572
2022-05-02,False,10,27178.988029281853,0.48303024205822503,1778.418749712572,1778.418749712572
2022-05-03,False,10,27178.988029281853,0.4812096646245952,1778.418749712572,1778.418749712572
2022-05-04,False,10,27178.988029281853,0.45571648148416016,1778.418749712572,1778.418749712572
2022-05-05,False,10,27178.988029281853,0.4823627226037975,1778.418749712572,1778.418749712572
2022-05-06,False,10,27178.988029281853,0.4764488303516772,1778.418749712572,1778.418749712572
2022-05-07,False,10,27178.988029281853,0.4807573548665788,1778.418749712572,1778.418749712572
2022-05-08,False,10,27178.988029281853,0.48451601971119085,1778.418749712572,1778.418749712572
2022-05-09,False,10,27178.988029281853,0.5320080114442245,1778.418749712572,1778.418749712572
2022-05-10,False,10,27178.988029281853,0.5179260749233761,1778.418749712572,1778.418749712572
2022-05-11,False,10,27178.988029281853,0.5648815254553509,1778.418749712572,1778.418749712572
2022-05-12,False,10,27178.988029281853,0.5830488048430821,1778.418749712572,1778.418749712572
2022-05-13,False,10,27178.988029281853,0.5590765550622072,1778.418749712572,1778.418749712572
2022-05-14,False,10,27178.988029281853,0.5530400668569763,1778.418749712572,1778.418749712572
2022-05-15,False,10,27178.988029281853,0.5412518728638014,1778.418749712572,1778.418749712572
2022-05-16,False,10,27178.988029281853,0.5577604742181145,1778.418749712572,1778.418749712572
2022-05-17,False,10,27178.988029281853,0.5459281848729324,1778.418749712572,1778.418749712572
2022-05-18,False,10,27178.988029281853,0.5700056038653947,1778.418749712572,1778.418749712572
2022-05-19,False,10,27178.988029281853,0.559516862992517,1778.418749712572,1778.418749712572
2022-05-20,False,10,27178.988029281853,0.5684416195343077,1778.418749712572,1778.418749712572
2022-05-21,False,10,27178.988029281853,0.5624560482259463,1778.418749712572,1778.418749712572
2022-05-22,False,10,27178.988029281853,0.5541129253071335,1778.418749712572,1778.418749712572
2022-05-23,False,10,27178.988029281853,0.5644898599718724,1778.418749712572,1778.418749712572
2022-05-24,False,10,27178.988029281853,0.5577286986432547,1778.418749712572,1778.418749712572
2022-05-25,False,10,27178.988029281853,0.5582993356383479,1778.418749712572,1778.418749712572
2022-05-26,False,10,27178.988029281853,0.5730662758031642,1778.418749712572,1778.418749712572
2022-05-27,False,10,27178.988029281853,0.5777990930396502,1778.418749712572,1778.418749712572
2022-05-28,False,10,27178.988029281853,0.5737930906512767,1778.418749712572,1778.418749712572
2022-05-29,False,10,27178.988029281853,0.5683312990702722,1778.418749712572,1778.418749712572
2022-05-30,False,10,27178.988029281853,0.5490665146894804,1778.418749712572,1778.418749712572
2022-05-31,False,10,27178.988029281853,0.5464038491725228,1778.418749712572,1778.418749712572
2022-06-01,False,10,27178.988029281853,0.5631066206276489,1778.418749712572,1778.418749712572
2022-06-02,False,10,27178.988029281853,0.5558002959245844,1778.418749712572,1778.418749712572
2022-06-03,False,10,27178.988029281853,0.5633356003051637,1778.418749712572,1778.418749712572
2022-06-04,False,10,27178.988029281853,0.5623976848986888,1778.418749712572,1778.418749712572
2022-06-05,False,10,27178.988029281853,0.5609624501966514,1778.418749712572,1778.418749712572
2022-06-06,False,10,27178.988029281853,0.5538698622905175,1778.418749712572,1778.418749712572
2022-06-07,False,10,27178.988029281853,0.5597034673491634,1778.418749712572,1778.418749712572
2022-06-08,False,10,27178.988029281853,0.5602878634899056,1778.418749712572,1778.418749712572
2022-06-09,False,10,27178.988029281853,0.5583721336155976,1778.418749712572,1778.418749712572
2022-06-10,False,10,27178.988029281853,0.5727352111697175,1778.418749712572,1778.418749712572
2022-06-11,False,10,27178.988029281853,0.5864551539457745,1778.418749712572,1778.418749712572
2022-06-12,False,10,27178.988029281853,0.6025901216741231,1778.418749712572,1778.418749712572
2022-06-13,False,10,27178.988029281853,0.6279488704046675,1778.418749712572,1778.418749712572
2022-06-14,False,10,27178.988029281853,0.6309604677488251,1778.418749712572,1778.418749712572
2022-06-15,False,10,27178.988029281853,0.6072533522836979,1778.418749712572,1778.418749712572
2022-06-16,False,10,27178.988029281853,0.6327172262710447,1778.418749712572,1778.418749712572
2022-06-17,False,10,27178.988029281853,0.6270367545813011,1778.418749712572,1778.418749712572
2022-06-18,False,10,27178.988029281853,0.6381893755400047,1778.418749712572,1778.418749712572
2022-06-19,False,10,27178.988029281853,0.6238143031749626,1778.418749712572,1778.418749712572
2022-06-20,False,10,27178.988029281853,0.6207944963050949,1778.418749712572,1778.418749712572
2022-06-21,False,10,27178.988029281853,0.6129731759235678,1778.418749712572,1778.418749712572
2022-06-22,False,10,27178.988029281853,0.6198190030052511,1778.418749712572,1778.418749712572
2022-06-23,False,10,27178.988029281853,0.6065883586981771,1778.418749712572,1778.418749712572
2022-06-24,False,10,27178.988029281853,0.5950141156297047,1778.418749712572,1778.418749712572
2022-06-25,False,10,27178.988029281853,0.5943624937325166,1778.418749712572,1778.418749712572
2022-06-26,False,10,27178.988029281853,0.6016658929879917,1778.418749712572,1778.418749712572
2022-06-27,False,10,27178.988029281853,0.6018682422352696,1778.418749712572,1778.418749712572
2022-06-28,False,10,27178.988029281853,0.6127689403789085,1778.418749712572,1778.418749712572
2022-06-29,False,10,27178.988029281853,0.6161600160782388,1778.418749712572,1778.418749712572
2022-06-30,False,10,27178.988029281853,0.6179490684077092,1778.418749712572,1778.418749712572
2022-07-01,False,10,27178.988029281853,0.6218621377628542,1778.418749712572,1778.418749712572
2022-07-02,False,10,27178.988029281853,0.6199816658392947,1778.418749712572,1778.418749712572
2022-07-03,False,10,27178.988029281853,0.6193484870443446,1778.418749712572,1778.418749712572
2022-07-04,False,10,27178.988029281853,0.612673618237877,1778.418749712572,1778.418749712572
2022-07-05,False,10,27178.988029281853,0.6163809289799881,1778.418749712572,1778.418749712572
2022-07-06,False,10,27178.988029281853,0.6136817292980553,1778.418749712572,1778.418749712572
2022-07-07,False,10,27178.988029281853,0.6055415725995654,1778.418749712572,1778.418749712572
2022-07-08,False,10,27178.988029281853,0.6063905042879837,1778.418749712572,1778.418749712572
2022-07-09,False,10,27178.988029281853,0.6033866861866819,1778.418749712572,1778.418749712572
2022-07-10,False,10,27178.988029281853,0.6126122776721633,1778.418749712572,1778.418749712572
2022-07-11,False,10,27178.988029281853,0.6250977794650773,1778.418749712572,1778.418749712572
2022-07-12,False,10,27178.988029281853,0.6304718707142013,1778.418749712572,1778.418749712572
2022-07-13,False,10,27178.988029281853,0.6172996503245608,1778.418749712572,1778.418749712572
2022-07-14,False,10,27178.988029281853,0.6106135633604558,1778.418749712572,1778.418749712572
2022-07-15,False,10,27178.988029281853,0.6099671000599093,1778.418749712572,1778.418749712572
2022-07-16,False,10,27178.988029281853,0.6029044284231176,1778.418749712572,1778.418749712572
2022-07-17,False,10,27178.988029281853,0.6064803797473547,1778.418749712572,1778.418749712572
2022-07-18,False,10,27178.988029281853,0.5853717672830374,1778.418749712572,1778.418749712572
2022-07-19,False,10,27178.988029281853,0.581005332644921,1778.418749712572,1778.418749712572
2022-07-20,False,10,27178.988029281853,0.592191292506649,1778.418749712572,1778.418749712572
2022-07-21,False,10,27178.988029281853,0.5873406042393213,1778.418749712572,1778.418749712572
2022-07-22,False,10,27178.988029281853,0.5943529909597606,1778.418749712572,1778.418749712572
2022-07-23,False,10,27178.988029281853,0.59173509552983,1778.418749712572,1778.418749712572
2022-07-24,False,10,27178.988029281853,0.590078139796781,1778.418749712572,1778.418749712572
2022-07-25,False,10,27178.988029281853,0.6100241542491708,1778.418749712572,1778.418749712572
2022-07-26,False,10,27178.988029281853,0.6077118457768542,1778.418749712572,1778.418749712572
2022-07-27,False,10,27178.988029281853,0.5890056980023698,1778.418749712572,1778.418749712572
2022-07-28,False,10,27178.988029281853,0.5823954601752531,1778.418749712572,1778.418749712572
2022-07-29,False,10,27178.988029281853,0.5809414766839998,1778.418749712572,1778.418749712572
2022-07-30,False,10,27178.988029281853,0.5796660966102787,1778.418749712572,1778.418749712572
2022-07-31,False,10,27178.988029281853,0.5808290269592002,1778.418749712572,1778.418749712572
2022-08-01,False,10,27178.988029281853,0.5799565770089982,1778.418749712572,1778.418749712572
2022-08-02,False,10,27178.988029281853,0.587125912373322,1778.418749712572,1778.418749712572
2022-08-03,False,10,27178.988029281853,0.5867410718154401,1778.418749712572,1778.418749712572
2022-08-04,False,10,27178.988029281853,0.5841261571677125,1778.418749712572,1778.418749712572
2022-08-05,False,10,27178.988029281853,0.5730275621976035,1778.418749712572,1778.418749712572
2022-08-06,False,10,27178.988029281853,0.5754074687991154,1778.418749712572,1778.418749712572
2022-08-07,False,10,27178.988029281853,0.5722730663093403,1778.418749712572,1778.418749712572
2022-08-08,False,10,27178.988029281853,0.5670818110274911,1778.418749712572,1778.418749712572
2022-08-09,False,10,27178.988029281853,0.5772223973709028,1778.418749712572,1778.418749712572
2022-08-10,False,10,27178.988029281853,0.5662799393447117,1778.418749712572,1778.418749712572
2022-08-11,False,10,27178.988029281853,0.5679523171676107,1778.418749712572,1778.418749712572
2022-08-12,False,10,27178.988029281853,0.5642797788753606,1778.418749712572,1778.418749712572
2022-08-13,False,10,27178.988029281853,0.5612576651987761,1778.418749712572,1778.418749712572
2022-08-14,False,10,27178.988029281853,0.5606356870864658,1778.418749712572,1778.418749712572
2022-08-15,False,10,27178.988029281853,0.5683310437308563,1778.418749712572,1778.418749712572
2022-08-16,False,10,27178.988029281853,0.5656393788001174,1778.418749712572,1778.418749712572
2022-08-17,False,10,27178.988029281853,0.5751953087819537,1778.418749712572,1778.418749712572
2022-08-18,False,10,27178.988029281853,0.5844310876170945,1778.418749712572,1778.418749712572
2022-08-19,False,10,27178.988029281853,0.6052370571833886,1778.418749712572,1778.418749712572
2022-08-20,False,10,27178.988029281853,0.6017842187922579,1778.418749712572,1778.418749712572
2022-08-21,False,10,27178.988029281853,0.5971689956433319,1778.418749712572,1778.418749712572
2022-08-22,False,10,27178.988029281853,0.6002001903217403,1778.418749712572,1778.418749712572
2022-08-23,False,10,27178.988029281853,0.596871868518748,1778.418749712572,1778.418749712572
2022-08-24,False,10,27178.988029281853,0.6004582985298501,1778.418749712572,1778.418749712572
2022-08-25,False,10,27178.988029281853,0.5971453737081702,1778.418749712572,1778.418749712572
2022-08-26,False,10,27178.988029281853,0.6150895103422279,1778.418749712572,1778.418749712572
2022-08-27,False,10,27178.988029281853,0.6106784075920382,1778.418749712572,1778.418749712572
2022-08-28,False,10,27178.988029281853,0.6169370938036954,1778.418749712572,1778.418749712572
2022-08-29,False,10,27178.988029281853,0.6070103947600222,1778.418749712572,1778.418749712572
2022-08-30,False,10,27178.988029281853,0.6101276139055247,1778.418749712572,1778.418749712572
2022-08-31,False,10,27178.988029281853,0.6104556642829089,1778.418749712572,1778.418749712572
2022-09-01,False,10,27178.988029281853,0.6064423906059594,1778.418749712572,1778.418749712572
2022-09-02,False,10,27178.988029281853,0.6083591947583671,1778.418749712572,1778.418749712572
2022-09-03,False,10,27178.988029281853,0.6055266358768482,1778.418749712572,1778.418749712572
2022-09-04,False,10,27178.988029281853,0.6018993759370547,1778.418749712572,1778.418749712572
2022-09-05,False,10,27178.988029281853,0.6041900689020543,1778.418749712572,1778.418749712572
2022-09-06,False,10,27178.988029281853,0.6187669618932221,1778.418749712572,1778.418749712572
2022-09-07,False,10,27178.988029281853,0.6111711654508907,1778.418749712572,1778.418749712572
2022-09-08,False,10,27178.988029281853,0.6096591141355471,1778.418749712572,1778.418749712572
2022-09-09,False,10,27178.988029281853,0.5970644721619583,1778.418749712572,1778.418749712572
2022-09-10,False,10,27178.988029281853,0.5946241611187952,1778.418749712572,1778.418749712572
2022-09-11,False,10,27178.988029281853,0.5960309584769122,1778.418749712572,1778.418749712572
2022-09-12,False,10,27178.988029281853,0.592545155835778,1778.418749712572,1778.418749712572
2022-09-13,False,10,27178.988029281853,0.6120901109018753,1778.418749712572,1778.418749712572
2022-09-14,False,10,27178.988029281853,0.6079960367943008,1778.418749712572,1778.418749712572
2022-09-15,False,10,27178.988029281853,0.6152602737549102,1778.418749712572,1778.418749712572
2022-09-16,False,10,27178.988029281853,0.6131628453514748,1778.418749712572,1778.418749712572
2022-09-17,False,10,27178.988029281853,0.6060479106160104,1778.418749712572,1778.418749712572
2022-09-18,False,10,27178.988029281853,0.6216533202929341,1778.418749712572,1778.418749712572
2022-09-19,False,10,27178.988029281853,0.6172105894573674,1778.418749712572,1778.418749712572
2022-09-20,False,10,27178.988029281853,0.617873512331548,1778.418749712572,1778.418749712572
2022-09-21,False,10,27178.988029281853,0.6237331660655154,1778.418749712572,1778.418749712572
2022-09-22,False,10,27178.988029281853,0.6095609709537152,1778.418749712572,1778.418749712572
2022-09-23,False,10,27178.988029281853,0.6041548017551495,1778.418749712572,1778.418749712572
2022-09-24,False,10,27178.988029281853,0.6095525197822609,1778.418749712572,1778.418749712572
2022-09-25,False,10,27178.988029281853,0.6125639798831138,1778.418749712572,1778.418749712572
2022-09-26,False,10,27178.988029281853,0.6128069020787827,1778.418749712572,1778.418749712572
2022-09-27,False,10,27178.988029281853,0.617368538027751,1778.418749712572,1778.418749712572
2022-09-28,False,10,27178.988029281853,0.6177227222673773,1778.418749712572,1778.418749712572
2022-09-29,False,10,27178.988029281853,0.6125652862062541,1778.418749712572,1778.418749712572
2022-09-30,False,10,27178.988029281853,0.6127810799891944,1778.418749712572,1778.418749712572
2022-10-01,False,10,27178.988029281853,0.6119952628530391,1778.418749712572,1778.418749712572
2022-10-02,False,10,27178.988029281853,0.6152261531796923,1778.418749712572,1778.418749712572
2022-10-03,False,10,27178.988029281853,0.6112500643957375,1778.418749712572,1778.418749712572
2022-10-04,False,10,27178.988029281853,0.6044800336901439,1778.418749712572,1778.418749712572
2022-10-05,False,10,27178.988029281853,0.6048449678972588,1778.418749712572,1778.418749712572
2022-10-06,False,10,27178.988029281853,0.6066026043889667,1778.418749712572,1778.418749712572
2022-10-07,False,10,27178.988029281853,0.6066781910721265,1778.418749712572,1778.418749712572
2022-10-08,False,10,27178.988029281853,0.6075699754064643,1778.418749712572,1778.418749712572
2022-10-09,False,10,27178.988029281853,0.6051160959202824,1778.418749712572,1778.418749712572
2022-10-10,False,10,27178.988029281853,0.6117147553173135,1778.418749712572,1778.418749712572
2022-10-11,False,10,27178.988029281853,0.6154578868044306,1778.418749712572,1778.418749712572
2022-10-12,False,10,27178.988029281853,0.6150742932874618,1778.418749712572,1778.418749712572
2022-10-13,False,10,27178.988029281853,0.6176096836861957,1778.418749712572,1778.418749712572
2022-10-14,False,10,27178.988029281853,0.6167244376238874,1778.418749712572,1778.418749712572
2022-10-15,False,10,27178.988029281853,0.6193696953536225,1778.418749712572,1778.418749712572
2022-10-16,False,10,27178.988029281853,0.6169524976207661,1778.418749712572,1778.418749712572
2022-10-17,False,10,27178.988029281853,0.6121033076395546,1778.418749712572,1778.418749712572
2022-10-18,False,10,27178.988029281853,0.6139965994064049,1778.418749712572,1778.418749712572
2022-10-19,False,10,27178.988029281853,0.6190533553093265,1778.418749712572,1778.418749712572
2022-10-20,False,10,27178.988029281853,0.6216891910719128,1778.418749712572,1778.418749712572
2022-10-21,False,10,27178.988029281853,0.6191817852691416,1778.418749712572,1778.418749712572
2022-10-22,False,10,27178.988029281853,0.6187305844472799,1778.418749712572,1778.418749712572
2022-10-23,False,10,27178.988029281853,0.6136397076847938,1778.418749712572,1778.418749712572
2022-10-24,False,10,27178.988029281853,0.6161742734689244,1778.418749712572,1778.418749712572
2022-10-25,False,10,27178.988029281853,0.6078770343893151,1778.418749712572,1778.418749712572
2022-10-26,False,10,27178.988029281853,0.5999197798672998,1778.418749712572,1778.418749712572
2022-10-27,False,10,27178.988029281853,0.6029804263898183,1778.418749712572,1778.418749712572
2022-10-28,False,10,27178.988029281853,0.594817235288626,1778.418749712572,1778.418749712572
2022-10-29,False,10,27178.988029281853,0.5762179970017725,1778.418749712572,1778.418749712572
2022-10-30,False,10,27178.988029281853,0.5809931267724083,1778.418749712572,1778.418749712572
2022-10-31,False,10,27178.988029281853,0.577620804711627,1778.418749712572,1778.418749712572
2022-11-01,False,10,27178.988029281853,0.5739157439830733,1778.418749712572,1778.418749712572
2022-11-02,False,10,27178.988029281853,0.5827402627220319,1778.418749712572,1778.418749712572
2022-11-03,False,10,27178.988029281853,0.579210811270717,1778.418749712572,1778.418749712572
2022-11-04,False,10,27178.988029281853,0.5598143564350573,1778.418749712572,1778.418749712572
2022-11-05,False,10,27178.988029281853,0.560133506605056,1778.418749712572,1778.418749712572
2022-11-06,False,10,27178.988029281853,0.5719738825456462,1778.418749712572,1778.418749712572
2022-11-07,False,10,27178.988029281853,0.5664529331716236,1778.418749712572,1778.418749712572
2022-11-08,False,10,27178.988029281853,0.6019591862101717,1778.418749712572,1778.418749712572
2022-11-09,False,10,27178.988029281853,0.6420889096516648,1778.418749712572,1778.418749712572
2022-11-10,False,10,27178.988029281853,0.6020558989297129,1778.418749712572,1778.418749712572
2022-11-11,False,10,27178.988029281853,0.6119535274659226,1778.418749712572,1778.418749712572
2022-11-12,False,10,27178.988029281853,0.6221511235404885,1778.418749712572,1778.418749712572
2022-11-13,False,10,27178.988029281853,0.6329170368094292,1778.418749712572,1778.418749712572
2022-11-14,False,10,27178.988029281853,0.6294934143137818,1778.418749712572,1778.418749712572
2022-11-15,False,10,27178.988029281853,0.6243849651466937,1778.418749712572,1778.418749712572
2022-11-16,False,10,27178.988029281853,0.6299545620798254,1778.418749712572,1778.418749712572
2022-11-17,False,10,27178.988029281853,0.6325203566114749,1778.418749712572,1778.418749712572
2022-11-18,False,10,27178.988029281853,0.6303839106950513,1778.418749712572,1778.418749712572
2022-11-19,False,10,27178.988029281853,0.6287793474565525,1778.418749712572,1778.418749712572
2022-11-20,False,10,27178.988029281853,0.6447408319229545,1778.418749712572,1778.418749712572
2022-11-21,False,10,27178.988029281853,0.6478916732731861,1778.418749712572,1778.418749712572
2022-11-22,False,10,27178.988029281853,0.6415205297051554,1778.418749712572,1778.418749712572
2022-11-23,False,10,27178.988029281853,0.6355176053861081,1778.418749712572,1778.418749712572
2022-11-24,False,10,27178.988029281853,0.6349912738652375,1778.418749712572,1778.418749712572
2022-11-25,False,10,27178.988029281853,0.6316991809718853,1778.418749712572,1778.418749712572
2022-11-26,False,10,27178.988029281853,0.6325151238623239,1778.418749712572,1778.418749712572
2022-11-27,False,10,27178.988029281853,0.6266248010694779,1778.418749712572,1778.418749712572
2022-11-28,False,10,27178.988029281853,0.6323586517952166,1778.418749712572,1778.418749712572
2022-11-29,False,10,27178.988029281853,0.6266806726315624,1778.418749712572,1778.418749712572
2022-11-30,False,10,27178.988029281853,0.6161695050396584,1778.418749712572,1778.418749712572
2022-12-01,False,10,27178.988029281853,0.6221995242978645,1778.418749712572,1778.418749712572
2022-12-02,False,10,27178.988029281853,0.6190414534285462,1778.418749712572,1778.418749712572
2022-12-03,False,10,27178.988029281853,0.6250955423228659,1778.418749712572,1778.418749712572
2022-12-04,False,10,27178.988029281853,0.6213941300507637,1778.418749712572,1778.418749712572
2022-12-05,False,10,27178.988029281853,0.6236235305829456,1778.418749712572,1778.418749712572
2022-12-06,False,10,27178.988029281853,0.6240119615736829,1778.418749712572,1778.418749712572
2022-12-07,False,10,27178.988029281853,0.6305111037213851,1778.418749712572,1778.418749712572
2022-12-08,False,10,27178.988029281853,0.6250979037607809,1778.418749712572,1778.418749712572
2022-12-09,False,10,27178.988029281853,0.6271110671271642,1778.418749712572,1778.418749712572
2022-12-10,False,10,27178.988029281853,0.6270273874636715,1778.418749712572,1778.418749712572
2022-12-11,False,10,27178.988029281853,0.6317627424915213,1778.418749712572,1778.418749712572
2022-12-12,False,10,27178.988029281853,0.6329163605942619,1778.418749712572,1778.418749712572
2022-12-13,False,10,27178.988029281853,0.6298739019977483,1778.418749712572,1778.418749712572
2022-12-14,False,10,27178.988029281853,0.633032779185489,1778.418749712572,1778.418749712572
2022-12-15,False,10,27178.988029281853,0.6376527858856147,1778.418749712572,1778.418749712572
2022-12-16,False,10,27178.988029281853,0.6590079432527449,1778.418749712572,1778.418749712572
2022-12-17,False,10,27178.988029281853,0.6525610299487279,1778.418749712572,1778.418749712572
2022-12-18,False,10,27178.988029281853,0.6542539397166331,1778.418749712572,1778.418749712572
2022-12-19,False,10,27178.988029281853,0.664993000056667,1778.418749712572,1778.418749712572
2022-12-20,False,10,27178.988029281853,0.6571158570237675,1778.418749712572,1778.418749712572
2022-12-21,False,10,27178.988029281853,0.6593921934467275,1778.418749712572,1778.418749712572
2022-12-22,False,10,27178.988029281853,0.6560491705053647,1778.418749712572,1778.418749712572
2022-12-23,False,10,27178.988029281853,0.6573240236822756,1778.418749712572,1778.418749712572
2022-12-24,False,10,27178.988029281853,0.6574330635131541,1778.418749712572,1778.418749712572
2022-12-25,False,10,27178.988029281853,0.658762304183411,1778.418749712572,1778.418749712572
2022-12-26,False,10,27178.988029281853,0.6564273182742174,1778.418749712572,1778.418749712572
2022-12-27,False,10,27178.988029281853,0.6601585062347387,1778.418749712572,1778.418749712572
2022-12-28,False,10,27178.988029281853,0.6661096419909546,1778.418749712572,1778.418749712572
2022-12-29,False,10,27178.988029281853,0.6671562871940168,1778.418749712572,1778.418749712572
2022-12-30,False,10,27178.988029281853,0.669084281003728,1778.418749712572,1778.418749712572
2022-12-31,False,10,27178.988029281853,0.6688375253266126,1778.418749712572,1778.418749712572
2023-01-01,False,10,27178.988029281853,0.6663258179041098,1778.418749712572,1778.418749712572
